2025-12-06T11:02:20.273+01:00  INFO 6936 --- [task-managementV2] [restartedMain] c.a.t.TaskManagementV2Application        : Starting TaskManagementV2Application using Java 17.0.15 with PID 6936 (C:\Users\tncr\Documents\PROJETS_ADACORP_MAI_2025\java_web_project\spring_project\task-managementV2\target\classes started by tncr in C:\Users\tncr\Documents\PROJETS_ADACORP_MAI_2025\java_web_project\spring_project\task-managementV2)
2025-12-06T11:02:20.283+01:00  INFO 6936 --- [task-managementV2] [restartedMain] c.a.t.TaskManagementV2Application        : No active profile set, falling back to 1 default profile: "default"
2025-12-06T11:02:20.285+01:00 DEBUG 6936 --- [task-managementV2] [restartedMain] o.s.boot.SpringApplication               : Loading source class com.adacorp.task_managementV2.TaskManagementV2Application
2025-12-06T11:02:20.916+01:00 DEBUG 6936 --- [task-managementV2] [restartedMain] o.s.b.devtools.restart.ChangeableUrls    : Matching URLs for reloading : [file:/C:/Users/tncr/Documents/PROJETS_ADACORP_MAI_2025/java_web_project/spring_project/task-managementV2/target/classes/]
2025-12-06T11:02:20.916+01:00 DEBUG 6936 --- [task-managementV2] [restartedMain] o.s.b.d.settings.DevToolsSettings        : Included patterns for restart : []
2025-12-06T11:02:20.917+01:00 DEBUG 6936 --- [task-managementV2] [restartedMain] o.s.b.d.settings.DevToolsSettings        : Excluded patterns for restart : [/spring-boot-starter-[\w-]+/, /spring-boot/(bin|build|out)/, /spring-boot-starter/(bin|build|out)/, /spring-boot-devtools/(bin|build|out)/, /spring-boot-actuator/(bin|build|out)/, /spring-boot-autoconfigure/(bin|build|out)/]
2025-12-06T11:02:20.917+01:00  INFO 6936 --- [task-managementV2] [restartedMain] .e.DevToolsPropertyDefaultsPostProcessor : Devtools property defaults active! Set 'spring.devtools.add-properties' to 'false' to disable
2025-12-06T11:02:20.918+01:00  INFO 6936 --- [task-managementV2] [restartedMain] .e.DevToolsPropertyDefaultsPostProcessor : For additional web related logging consider setting the 'logging.level.web' property to 'DEBUG'
2025-12-06T11:02:20.919+01:00 DEBUG 6936 --- [task-managementV2] [restartedMain] ConfigServletWebServerApplicationContext : Refreshing org.springframework.boot.web.servlet.context.AnnotationConfigServletWebServerApplicationContext@5afe4075
2025-12-06T11:02:22.864+01:00  INFO 6936 --- [task-managementV2] [restartedMain] .s.d.r.c.RepositoryConfigurationDelegate : Bootstrapping Spring Data JPA repositories in DEFAULT mode.
2025-12-06T11:02:22.911+01:00 DEBUG 6936 --- [task-managementV2] [restartedMain] o.s.b.a.AutoConfigurationPackages        : @EnableAutoConfiguration was declared on a class in the package 'com.adacorp.task_managementV2'. Automatic @Repository and @Entity scanning is enabled.
2025-12-06T11:02:23.118+01:00  INFO 6936 --- [task-managementV2] [restartedMain] .s.d.r.c.RepositoryConfigurationDelegate : Finished Spring Data repository scanning in 229 ms. Found 6 JPA repository interfaces.
2025-12-06T11:02:24.063+01:00 DEBUG 6936 --- [task-managementV2] [restartedMain] .s.b.w.e.t.TomcatServletWebServerFactory : Code archive: C:\Users\tncr\.m2\repository\org\springframework\boot\spring-boot\3.5.3\spring-boot-3.5.3.jar
2025-12-06T11:02:24.064+01:00 DEBUG 6936 --- [task-managementV2] [restartedMain] .s.b.w.e.t.TomcatServletWebServerFactory : Code archive: C:\Users\tncr\.m2\repository\org\springframework\boot\spring-boot\3.5.3\spring-boot-3.5.3.jar
2025-12-06T11:02:24.066+01:00 DEBUG 6936 --- [task-managementV2] [restartedMain] .s.b.w.e.t.TomcatServletWebServerFactory : None of the document roots [src/main/webapp, public, static] point to a directory and will be ignored.
2025-12-06T11:02:24.148+01:00  INFO 6936 --- [task-managementV2] [restartedMain] o.s.b.w.embedded.tomcat.TomcatWebServer  : Tomcat initialized with port 8083 (http)
2025-12-06T11:02:24.171+01:00  INFO 6936 --- [task-managementV2] [restartedMain] o.apache.catalina.core.StandardService   : Starting service [Tomcat]
2025-12-06T11:02:24.171+01:00  INFO 6936 --- [task-managementV2] [restartedMain] o.apache.catalina.core.StandardEngine    : Starting Servlet engine: [Apache Tomcat/10.1.42]
2025-12-06T11:02:24.249+01:00  INFO 6936 --- [task-managementV2] [restartedMain] o.a.c.c.C.[.[.[/task-managementV2]       : Initializing Spring embedded WebApplicationContext
2025-12-06T11:02:24.250+01:00 DEBUG 6936 --- [task-managementV2] [restartedMain] w.s.c.ServletWebServerApplicationContext : Published root WebApplicationContext as ServletContext attribute with name [org.springframework.web.context.WebApplicationContext.ROOT]
2025-12-06T11:02:24.251+01:00  INFO 6936 --- [task-managementV2] [restartedMain] w.s.c.ServletWebServerApplicationContext : Root WebApplicationContext: initialization completed in 3332 ms
2025-12-06T11:02:24.299+01:00 DEBUG 6936 --- [task-managementV2] [restartedMain] o.s.b.w.s.ServletContextInitializerBeans : Mapping filters: springSecurityFilterChain urls=[/*] order=-100, characterEncodingFilter urls=[/*] order=-2147483648, formContentFilter urls=[/*] order=-9900, requestContextFilter urls=[/*] order=-105
2025-12-06T11:02:24.302+01:00 DEBUG 6936 --- [task-managementV2] [restartedMain] o.s.b.w.s.ServletContextInitializerBeans : Mapping servlets: dispatcherServlet urls=[/]
2025-12-06T11:02:24.407+01:00 DEBUG 6936 --- [task-managementV2] [restartedMain] o.s.b.w.s.f.OrderedRequestContextFilter  : Filter 'requestContextFilter' configured for use
2025-12-06T11:02:24.412+01:00 DEBUG 6936 --- [task-managementV2] [restartedMain] s.b.w.s.f.OrderedCharacterEncodingFilter : Filter 'characterEncodingFilter' configured for use
2025-12-06T11:02:24.413+01:00 DEBUG 6936 --- [task-managementV2] [restartedMain] .DelegatingFilterProxyRegistrationBean$1 : Filter 'springSecurityFilterChain' configured for use
2025-12-06T11:02:24.414+01:00 DEBUG 6936 --- [task-managementV2] [restartedMain] o.s.b.w.s.f.OrderedFormContentFilter     : Filter 'formContentFilter' configured for use
2025-12-06T11:02:24.668+01:00  INFO 6936 --- [task-managementV2] [restartedMain] o.hibernate.jpa.internal.util.LogHelper  : HHH000204: Processing PersistenceUnitInfo [name: default]
2025-12-06T11:02:24.771+01:00  INFO 6936 --- [task-managementV2] [restartedMain] org.hibernate.Version                    : HHH000412: Hibernate ORM core version 6.6.18.Final
2025-12-06T11:02:24.841+01:00  INFO 6936 --- [task-managementV2] [restartedMain] o.h.c.internal.RegionFactoryInitiator    : HHH000026: Second-level cache disabled
2025-12-06T11:02:25.388+01:00  INFO 6936 --- [task-managementV2] [restartedMain] o.s.o.j.p.SpringPersistenceUnitInfo      : No LoadTimeWeaver setup: ignoring JPA class transformer
2025-12-06T11:02:25.440+01:00  INFO 6936 --- [task-managementV2] [restartedMain] com.zaxxer.hikari.HikariDataSource       : HikariPool-1 - Starting...
2025-12-06T11:02:25.792+01:00  INFO 6936 --- [task-managementV2] [restartedMain] com.zaxxer.hikari.pool.HikariPool        : HikariPool-1 - Added connection org.postgresql.jdbc.PgConnection@5b623955
2025-12-06T11:02:25.795+01:00  INFO 6936 --- [task-managementV2] [restartedMain] com.zaxxer.hikari.HikariDataSource       : HikariPool-1 - Start completed.
2025-12-06T11:02:25.900+01:00  WARN 6936 --- [task-managementV2] [restartedMain] org.hibernate.orm.deprecation            : HHH90000025: PostgreSQLDialect does not need to be specified explicitly using 'hibernate.dialect' (remove the property setting and it will be selected by default)
2025-12-06T11:02:25.943+01:00  INFO 6936 --- [task-managementV2] [restartedMain] org.hibernate.orm.connections.pooling    : HHH10001005: Database info:
	Database JDBC URL [Connecting through datasource 'HikariDataSource (HikariPool-1)']
	Database driver: undefined/unknown
	Database version: 17.4
	Autocommit mode: undefined/unknown
	Isolation level: undefined/unknown
	Minimum pool size: undefined/unknown
	Maximum pool size: undefined/unknown
2025-12-06T11:02:27.919+01:00  INFO 6936 --- [task-managementV2] [restartedMain] o.h.e.t.j.p.i.JtaPlatformInitiator       : HHH000489: No JTA platform available (set 'hibernate.transaction.jta.platform' to enable JTA platform integration)
2025-12-06T11:02:28.655+01:00  INFO 6936 --- [task-managementV2] [restartedMain] j.LocalContainerEntityManagerFactoryBean : Initialized JPA EntityManagerFactory for persistence unit 'default'
2025-12-06T11:02:29.126+01:00  INFO 6936 --- [task-managementV2] [restartedMain] o.s.d.j.r.query.QueryEnhancerFactory     : Hibernate is in classpath; If applicable, HQL parser will be used.
2025-12-06T11:02:30.214+01:00  INFO 6936 --- [task-managementV2] [restartedMain] c.a.t.batch.AccountCleanupBatch          : ➡ Batch lancé au démarrage !!!
2025-12-06T11:02:30.344+01:00 DEBUG 6936 --- [task-managementV2] [restartedMain] org.hibernate.SQL                        : 
    update
        utilisateur u1_0 
    set
        is_account_non_locked=false 
    where
        u1_0.is_account_non_locked=true 
        and (
            u1_0.date_derniere_connexion is null 
            or u1_0.date_derniere_connexion<?
        )
2025-12-06T11:02:30.363+01:00  INFO 6936 --- [task-managementV2] [restartedMain] c.a.t.batch.AccountCleanupBatch          : Batch SQL 2A : terminé : 0 comptes non connecté depuis 90 désactivés.
2025-12-06T11:02:30.389+01:00 DEBUG 6936 --- [task-managementV2] [restartedMain] org.hibernate.SQL                        : 
    UPDATE
        public.utilisateur 
    SET
        is_account_non_locked = false 
    WHERE
        is_account_non_locked = true 
        AND (
            date_derniere_connexion IS NULL 
            OR (
                CAST(CURRENT_DATE+1 AS DATE) - CAST(date_derniere_connexion AS DATE)
            ) >= ?
        )
2025-12-06T11:02:30.396+01:00  INFO 6936 --- [task-managementV2] [restartedMain] c.a.t.batch.AccountCleanupBatch          : Batch SQL 2D : terminé.
2025-12-06T11:02:30.398+01:00 DEBUG 6936 --- [task-managementV2] [restartedMain] org.hibernate.SQL                        : 
    update
        utilisateur u1_0 
    set
        is_account_non_locked=false 
    where
        u1_0.is_account_non_locked=true 
        and (
            u1_0.date_derniere_connexion is null 
            or u1_0.date_derniere_connexion<?
        )
2025-12-06T11:02:30.400+01:00  INFO 6936 --- [task-managementV2] [restartedMain] c.a.t.batch.AccountCleanupBatch          : Batch SQL 1A : terminé : 0 comptes non connecté depuis 90 désactivés.
2025-12-06T11:02:30.403+01:00 DEBUG 6936 --- [task-managementV2] [restartedMain] org.hibernate.SQL                        : 
    UPDATE
        public.utilisateur 
    SET
        is_account_non_locked = true 
    WHERE
        is_account_non_locked = false 
        AND (
            date_derniere_connexion IS NOT NULL 
            AND (
                CAST(CURRENT_DATE+1 AS DATE) - CAST(date_derniere_connexion AS DATE)
            ) < ?
        )
2025-12-06T11:02:30.405+01:00  INFO 6936 --- [task-managementV2] [restartedMain] c.a.t.batch.AccountCleanupBatch          : Batch SQL 2A : terminé.
2025-12-06T11:02:30.406+01:00  INFO 6936 --- [task-managementV2] [restartedMain] c.a.t.batch.AccountCleanupBatch          : ➡ Batch exécuté !
2025-12-06T11:02:30.909+01:00  WARN 6936 --- [task-managementV2] [restartedMain] JpaBaseConfiguration$JpaWebConfiguration : spring.jpa.open-in-view is enabled by default. Therefore, database queries may be performed during view rendering. Explicitly configure spring.jpa.open-in-view to disable this warning
2025-12-06T11:02:30.949+01:00  INFO 6936 --- [task-managementV2] [restartedMain] o.s.b.a.w.s.WelcomePageHandlerMapping    : Adding welcome page template: index
2025-12-06T11:02:31.057+01:00 DEBUG 6936 --- [task-managementV2] [restartedMain] s.w.s.m.m.a.RequestMappingHandlerMapping : 25 mappings in 'requestMappingHandlerMapping'
2025-12-06T11:02:31.238+01:00 DEBUG 6936 --- [task-managementV2] [restartedMain] o.s.w.s.handler.SimpleUrlHandlerMapping  : Patterns [/webjars/**, /**] in 'resourceHandlerMapping'
2025-12-06T11:02:31.271+01:00  INFO 6936 --- [task-managementV2] [restartedMain] r$InitializeUserDetailsManagerConfigurer : Global AuthenticationManager configured with UserDetailsService bean with name customUserDetailsService
2025-12-06T11:02:31.499+01:00 DEBUG 6936 --- [task-managementV2] [restartedMain] o.s.s.web.DefaultSecurityFilterChain     : Will secure any request with filters: DisableEncodeUrlFilter, WebAsyncManagerIntegrationFilter, SecurityContextHolderFilter, HeaderWriterFilter, CsrfFilter, LogoutFilter, UsernamePasswordAuthenticationFilter, RequestCacheAwareFilter, SecurityContextHolderAwareRequestFilter, AnonymousAuthenticationFilter, ExceptionTranslationFilter, AuthorizationFilter
2025-12-06T11:02:31.623+01:00 DEBUG 6936 --- [task-managementV2] [restartedMain] s.w.s.m.m.a.RequestMappingHandlerAdapter : ControllerAdvice beans: 0 @ModelAttribute, 0 @InitBinder, 1 RequestBodyAdvice, 1 ResponseBodyAdvice
2025-12-06T11:02:31.816+01:00 DEBUG 6936 --- [task-managementV2] [restartedMain] .m.m.a.ExceptionHandlerExceptionResolver : ControllerAdvice beans: 0 @ExceptionHandler, 1 ResponseBodyAdvice
2025-12-06T11:02:31.855+01:00 DEBUG 6936 --- [task-managementV2] [restartedMain] inMXBeanRegistrar$SpringApplicationAdmin : Application Admin MBean registered with name 'org.springframework.boot:type=Admin,name=SpringApplication'
2025-12-06T11:02:31.994+01:00 DEBUG 6936 --- [task-managementV2] [restartedMain] o.s.b.d.livereload.LiveReloadServer      : Starting live reload server on port 35729
2025-12-06T11:02:31.995+01:00  INFO 6936 --- [task-managementV2] [restartedMain] o.s.b.d.a.OptionalLiveReloadServer       : LiveReload server is running on port 35729
2025-12-06T11:02:32.139+01:00  INFO 6936 --- [task-managementV2] [restartedMain] o.s.b.w.embedded.tomcat.TomcatWebServer  : Tomcat started on port 8083 (http) with context path '/task-managementV2'
2025-12-06T11:02:32.177+01:00 DEBUG 6936 --- [task-managementV2] [restartedMain] .s.b.a.l.ConditionEvaluationReportLogger : 


============================
CONDITIONS EVALUATION REPORT
============================


Positive matches:
-----------------

   AopAutoConfiguration matched:
      - @ConditionalOnBooleanProperty (spring.aop.auto=true) matched (OnPropertyCondition)

   AopAutoConfiguration.AspectJAutoProxyingConfiguration matched:
      - @ConditionalOnClass found required class 'org.aspectj.weaver.Advice' (OnClassCondition)

   AopAutoConfiguration.AspectJAutoProxyingConfiguration.CglibAutoProxyConfiguration matched:
      - @ConditionalOnBooleanProperty (spring.aop.proxy-target-class=true) matched (OnPropertyCondition)

   ApplicationAvailabilityAutoConfiguration#applicationAvailability matched:
      - @ConditionalOnMissingBean (types: org.springframework.boot.availability.ApplicationAvailability; SearchStrategy: all) did not find any beans (OnBeanCondition)

   DataSourceAutoConfiguration matched:
      - @ConditionalOnClass found required classes 'javax.sql.DataSource', 'org.springframework.jdbc.datasource.embedded.EmbeddedDatabaseType' (OnClassCondition)
      - @ConditionalOnMissingBean (types: ?; SearchStrategy: all) did not find any beans (OnBeanCondition)

   DataSourceAutoConfiguration.PooledDataSourceConfiguration matched:
      - AnyNestedCondition 1 matched 1 did not; NestedCondition on DataSourceAutoConfiguration.PooledDataSourceCondition.PooledDataSourceAvailable PooledDataSource found supported DataSource; NestedCondition on DataSourceAutoConfiguration.PooledDataSourceCondition.ExplicitType @ConditionalOnProperty (spring.datasource.type) did not find property 'spring.datasource.type' (DataSourceAutoConfiguration.PooledDataSourceCondition)
      - @ConditionalOnMissingBean (types: javax.sql.DataSource,javax.sql.XADataSource; SearchStrategy: all) did not find any beans (OnBeanCondition)

   DataSourceAutoConfiguration.PooledDataSourceConfiguration#jdbcConnectionDetails matched:
      - @ConditionalOnMissingBean (types: org.springframework.boot.autoconfigure.jdbc.JdbcConnectionDetails; SearchStrategy: all) did not find any beans (OnBeanCondition)

   DataSourceConfiguration.Hikari matched:
      - @ConditionalOnClass found required class 'com.zaxxer.hikari.HikariDataSource' (OnClassCondition)
      - @ConditionalOnProperty (spring.datasource.type=com.zaxxer.hikari.HikariDataSource) matched (OnPropertyCondition)
      - @ConditionalOnMissingBean (types: javax.sql.DataSource; SearchStrategy: all) did not find any beans (OnBeanCondition)

   DataSourceInitializationConfiguration matched:
      - @ConditionalOnClass found required class 'org.springframework.jdbc.datasource.init.DatabasePopulator' (OnClassCondition)
      - @ConditionalOnSingleCandidate (types: javax.sql.DataSource; SearchStrategy: all) found a single bean 'dataSource'; @ConditionalOnMissingBean (types: org.springframework.boot.autoconfigure.sql.init.SqlDataSourceScriptDatabaseInitializer,org.springframework.boot.autoconfigure.sql.init.SqlR2dbcScriptDatabaseInitializer; SearchStrategy: all) did not find any beans (OnBeanCondition)

   DataSourceJmxConfiguration matched:
      - @ConditionalOnBooleanProperty (spring.jmx.enabled=true) matched (OnPropertyCondition)

   DataSourceJmxConfiguration.Hikari matched:
      - @ConditionalOnClass found required class 'com.zaxxer.hikari.HikariDataSource' (OnClassCondition)
      - @ConditionalOnSingleCandidate (types: javax.sql.DataSource; SearchStrategy: all) found a single bean 'dataSource' (OnBeanCondition)

   DataSourcePoolMetadataProvidersConfiguration.HikariPoolDataSourceMetadataProviderConfiguration matched:
      - @ConditionalOnClass found required class 'com.zaxxer.hikari.HikariDataSource' (OnClassCondition)

   DataSourceTransactionManagerAutoConfiguration matched:
      - @ConditionalOnClass found required classes 'javax.sql.DataSource', 'org.springframework.jdbc.core.JdbcTemplate', 'org.springframework.transaction.TransactionManager' (OnClassCondition)

   DataSourceTransactionManagerAutoConfiguration.JdbcTransactionManagerConfiguration matched:
      - @ConditionalOnSingleCandidate (types: javax.sql.DataSource; SearchStrategy: all) found a single bean 'dataSource' (OnBeanCondition)

   DevToolsDataSourceAutoConfiguration matched:
      - @ConditionalOnClass found required class 'javax.sql.DataSource' (OnClassCondition)
      - Devtools devtools enabled. (OnEnabledDevToolsCondition)
      - DevTools DataSource Condition found auto-configured DataSource (DevToolsDataSourceAutoConfiguration.DevToolsDataSourceCondition)

   DevToolsDataSourceAutoConfiguration.DatabaseShutdownExecutorEntityManagerFactoryDependsOnPostProcessor matched:
      - @ConditionalOnClass found required class 'org.springframework.orm.jpa.LocalContainerEntityManagerFactoryBean' (OnClassCondition)
      - @ConditionalOnBean (types: org.springframework.orm.jpa.AbstractEntityManagerFactoryBean; SearchStrategy: all) found bean '&entityManagerFactory' (OnBeanCondition)

   DispatcherServletAutoConfiguration matched:
      - @ConditionalOnClass found required class 'org.springframework.web.servlet.DispatcherServlet' (OnClassCondition)
      - found 'session' scope (OnWebApplicationCondition)

   DispatcherServletAutoConfiguration.DispatcherServletConfiguration matched:
      - @ConditionalOnClass found required class 'jakarta.servlet.ServletRegistration' (OnClassCondition)
      - Default DispatcherServlet did not find dispatcher servlet beans (DispatcherServletAutoConfiguration.DefaultDispatcherServletCondition)

   DispatcherServletAutoConfiguration.DispatcherServletRegistrationConfiguration matched:
      - @ConditionalOnClass found required class 'jakarta.servlet.ServletRegistration' (OnClassCondition)
      - DispatcherServlet Registration did not find servlet registration bean (DispatcherServletAutoConfiguration.DispatcherServletRegistrationCondition)

   DispatcherServletAutoConfiguration.DispatcherServletRegistrationConfiguration#dispatcherServletRegistration matched:
      - @ConditionalOnBean (names: dispatcherServlet types: org.springframework.web.servlet.DispatcherServlet; SearchStrategy: all) found bean 'dispatcherServlet' (OnBeanCondition)

   EmbeddedWebServerFactoryCustomizerAutoConfiguration matched:
      - @ConditionalOnWebApplication (required) found 'session' scope (OnWebApplicationCondition)
      - @ConditionalOnWarDeployment the application is not deployed as a WAR file. (OnWarDeploymentCondition)

   EmbeddedWebServerFactoryCustomizerAutoConfiguration.TomcatWebServerFactoryCustomizerConfiguration matched:
      - @ConditionalOnClass found required classes 'org.apache.catalina.startup.Tomcat', 'org.apache.coyote.UpgradeProtocol' (OnClassCondition)

   ErrorMvcAutoConfiguration matched:
      - @ConditionalOnClass found required classes 'jakarta.servlet.Servlet', 'org.springframework.web.servlet.DispatcherServlet' (OnClassCondition)
      - found 'session' scope (OnWebApplicationCondition)

   ErrorMvcAutoConfiguration#basicErrorController matched:
      - @ConditionalOnMissingBean (types: org.springframework.boot.web.servlet.error.ErrorController; SearchStrategy: current) did not find any beans (OnBeanCondition)

   ErrorMvcAutoConfiguration#errorAttributes matched:
      - @ConditionalOnMissingBean (types: org.springframework.boot.web.servlet.error.ErrorAttributes; SearchStrategy: current) did not find any beans (OnBeanCondition)

   ErrorMvcAutoConfiguration.DefaultErrorViewResolverConfiguration#conventionErrorViewResolver matched:
      - @ConditionalOnBean (types: org.springframework.web.servlet.DispatcherServlet; SearchStrategy: all) found bean 'dispatcherServlet'; @ConditionalOnMissingBean (types: org.springframework.boot.autoconfigure.web.servlet.error.ErrorViewResolver; SearchStrategy: all) did not find any beans (OnBeanCondition)

   ErrorMvcAutoConfiguration.WhitelabelErrorViewConfiguration matched:
      - @ConditionalOnBooleanProperty (server.error.whitelabel.enabled=true) matched (OnPropertyCondition)
      - ErrorTemplate Missing did not find error template view (ErrorMvcAutoConfiguration.ErrorTemplateMissingCondition)

   ErrorMvcAutoConfiguration.WhitelabelErrorViewConfiguration#beanNameViewResolver matched:
      - @ConditionalOnMissingBean (types: org.springframework.web.servlet.view.BeanNameViewResolver; SearchStrategy: all) did not find any beans (OnBeanCondition)

   ErrorMvcAutoConfiguration.WhitelabelErrorViewConfiguration#defaultErrorView matched:
      - @ConditionalOnMissingBean (names: error; SearchStrategy: all) did not find any beans (OnBeanCondition)

   GenericCacheConfiguration matched:
      - Cache org.springframework.boot.autoconfigure.cache.GenericCacheConfiguration automatic cache type (CacheCondition)

   HibernateJpaAutoConfiguration matched:
      - @ConditionalOnClass found required classes 'org.springframework.orm.jpa.LocalContainerEntityManagerFactoryBean', 'jakarta.persistence.EntityManager', 'org.hibernate.engine.spi.SessionImplementor' (OnClassCondition)

   HibernateJpaConfiguration matched:
      - @ConditionalOnSingleCandidate (types: javax.sql.DataSource; SearchStrategy: all) found a single bean 'dataSource' (OnBeanCondition)

   HttpClientAutoConfiguration matched:
      - @ConditionalOnClass found required class 'org.springframework.http.client.ClientHttpRequestFactory' (OnClassCondition)
      - NoneNestedConditions 0 matched 1 did not; NestedCondition on NotReactiveWebApplicationCondition.ReactiveWebApplication did not find reactive web application classes (NotReactiveWebApplicationCondition)

   HttpClientAutoConfiguration#clientHttpRequestFactoryBuilder matched:
      - @ConditionalOnMissingBean (types: org.springframework.boot.http.client.ClientHttpRequestFactoryBuilder<?>; SearchStrategy: all) did not find any beans (OnBeanCondition)

   HttpClientAutoConfiguration#clientHttpRequestFactorySettings matched:
      - @ConditionalOnMissingBean (types: org.springframework.boot.http.client.ClientHttpRequestFactorySettings; SearchStrategy: all) did not find any beans (OnBeanCondition)

   HttpEncodingAutoConfiguration matched:
      - @ConditionalOnClass found required class 'org.springframework.web.filter.CharacterEncodingFilter' (OnClassCondition)
      - found 'session' scope (OnWebApplicationCondition)
      - @ConditionalOnBooleanProperty (server.servlet.encoding.enabled=true) matched (OnPropertyCondition)

   HttpEncodingAutoConfiguration#characterEncodingFilter matched:
      - @ConditionalOnMissingBean (types: org.springframework.web.filter.CharacterEncodingFilter; SearchStrategy: all) did not find any beans (OnBeanCondition)

   HttpMessageConvertersAutoConfiguration matched:
      - @ConditionalOnClass found required class 'org.springframework.http.converter.HttpMessageConverter' (OnClassCondition)
      - NoneNestedConditions 0 matched 1 did not; NestedCondition on HttpMessageConvertersAutoConfiguration.NotReactiveWebApplicationCondition.ReactiveWebApplication did not find reactive web application classes (HttpMessageConvertersAutoConfiguration.NotReactiveWebApplicationCondition)

   HttpMessageConvertersAutoConfiguration#messageConverters matched:
      - @ConditionalOnMissingBean (types: org.springframework.boot.autoconfigure.http.HttpMessageConverters; SearchStrategy: all) did not find any beans (OnBeanCondition)

   HttpMessageConvertersAutoConfiguration.StringHttpMessageConverterConfiguration matched:
      - @ConditionalOnClass found required class 'org.springframework.http.converter.StringHttpMessageConverter' (OnClassCondition)

   HttpMessageConvertersAutoConfiguration.StringHttpMessageConverterConfiguration#stringHttpMessageConverter matched:
      - @ConditionalOnMissingBean (types: org.springframework.http.converter.StringHttpMessageConverter; SearchStrategy: all) did not find any beans (OnBeanCondition)

   JacksonAutoConfiguration matched:
      - @ConditionalOnClass found required class 'com.fasterxml.jackson.databind.ObjectMapper' (OnClassCondition)

   JacksonAutoConfiguration.Jackson2ObjectMapperBuilderCustomizerConfiguration matched:
      - @ConditionalOnClass found required class 'org.springframework.http.converter.json.Jackson2ObjectMapperBuilder' (OnClassCondition)

   JacksonAutoConfiguration.JacksonObjectMapperBuilderConfiguration matched:
      - @ConditionalOnClass found required class 'org.springframework.http.converter.json.Jackson2ObjectMapperBuilder' (OnClassCondition)

   JacksonAutoConfiguration.JacksonObjectMapperBuilderConfiguration#jacksonObjectMapperBuilder matched:
      - @ConditionalOnMissingBean (types: org.springframework.http.converter.json.Jackson2ObjectMapperBuilder; SearchStrategy: all) did not find any beans (OnBeanCondition)

   JacksonAutoConfiguration.JacksonObjectMapperConfiguration matched:
      - @ConditionalOnClass found required class 'org.springframework.http.converter.json.Jackson2ObjectMapperBuilder' (OnClassCondition)

   JacksonAutoConfiguration.JacksonObjectMapperConfiguration#jacksonObjectMapper matched:
      - @ConditionalOnMissingBean (types: com.fasterxml.jackson.databind.ObjectMapper; SearchStrategy: all) did not find any beans (OnBeanCondition)

   JacksonAutoConfiguration.ParameterNamesModuleConfiguration matched:
      - @ConditionalOnClass found required class 'com.fasterxml.jackson.module.paramnames.ParameterNamesModule' (OnClassCondition)

   JacksonAutoConfiguration.ParameterNamesModuleConfiguration#parameterNamesModule matched:
      - @ConditionalOnMissingBean (types: com.fasterxml.jackson.module.paramnames.ParameterNamesModule; SearchStrategy: all) did not find any beans (OnBeanCondition)

   JacksonHttpMessageConvertersConfiguration.MappingJackson2HttpMessageConverterConfiguration matched:
      - @ConditionalOnClass found required class 'com.fasterxml.jackson.databind.ObjectMapper' (OnClassCondition)
      - @ConditionalOnPreferredJsonMapper JACKSON no property was configured and Jackson is the default (OnPreferredJsonMapperCondition)
      - @ConditionalOnBean (types: com.fasterxml.jackson.databind.ObjectMapper; SearchStrategy: all) found bean 'jacksonObjectMapper' (OnBeanCondition)

   JacksonHttpMessageConvertersConfiguration.MappingJackson2HttpMessageConverterConfiguration#mappingJackson2HttpMessageConverter matched:
      - @ConditionalOnMissingBean (types: org.springframework.http.converter.json.MappingJackson2HttpMessageConverter ignored: ?; SearchStrategy: all) did not find any beans (OnBeanCondition)

   JdbcClientAutoConfiguration matched:
      - @ConditionalOnSingleCandidate (types: org.springframework.jdbc.core.namedparam.NamedParameterJdbcTemplate; SearchStrategy: all) found a single bean 'namedParameterJdbcTemplate'; @ConditionalOnMissingBean (types: org.springframework.jdbc.core.simple.JdbcClient; SearchStrategy: all) did not find any beans (OnBeanCondition)

   JdbcTemplateAutoConfiguration matched:
      - @ConditionalOnClass found required classes 'javax.sql.DataSource', 'org.springframework.jdbc.core.JdbcTemplate' (OnClassCondition)
      - @ConditionalOnSingleCandidate (types: javax.sql.DataSource; SearchStrategy: all) found a single bean 'dataSource' (OnBeanCondition)

   JdbcTemplateConfiguration matched:
      - @ConditionalOnMissingBean (types: org.springframework.jdbc.core.JdbcOperations; SearchStrategy: all) did not find any beans (OnBeanCondition)

   JmxAutoConfiguration matched:
      - @ConditionalOnClass found required class 'org.springframework.jmx.export.MBeanExporter' (OnClassCondition)
      - @ConditionalOnBooleanProperty (spring.jmx.enabled=true) matched (OnPropertyCondition)

   JmxAutoConfiguration#mbeanExporter matched:
      - @ConditionalOnMissingBean (types: org.springframework.jmx.export.MBeanExporter; SearchStrategy: current) did not find any beans (OnBeanCondition)

   JmxAutoConfiguration#mbeanServer matched:
      - @ConditionalOnMissingBean (types: javax.management.MBeanServer; SearchStrategy: all) did not find any beans (OnBeanCondition)

   JmxAutoConfiguration#objectNamingStrategy matched:
      - @ConditionalOnMissingBean (types: org.springframework.jmx.export.naming.ObjectNamingStrategy; SearchStrategy: current) did not find any beans (OnBeanCondition)

   JpaBaseConfiguration#entityManagerFactory matched:
      - @ConditionalOnMissingBean (types: org.springframework.orm.jpa.LocalContainerEntityManagerFactoryBean,jakarta.persistence.EntityManagerFactory; SearchStrategy: all) did not find any beans (OnBeanCondition)

   JpaBaseConfiguration#entityManagerFactoryBuilder matched:
      - @ConditionalOnMissingBean (types: org.springframework.boot.orm.jpa.EntityManagerFactoryBuilder; SearchStrategy: all) did not find any beans (OnBeanCondition)

   JpaBaseConfiguration#jpaVendorAdapter matched:
      - @ConditionalOnMissingBean (types: org.springframework.orm.jpa.JpaVendorAdapter; SearchStrategy: all) did not find any beans (OnBeanCondition)

   JpaBaseConfiguration#transactionManager matched:
      - @ConditionalOnMissingBean (types: org.springframework.transaction.TransactionManager; SearchStrategy: all) did not find any beans (OnBeanCondition)

   JpaBaseConfiguration.JpaWebConfiguration matched:
      - @ConditionalOnClass found required class 'org.springframework.web.servlet.config.annotation.WebMvcConfigurer' (OnClassCondition)
      - found 'session' scope (OnWebApplicationCondition)
      - @ConditionalOnBooleanProperty (spring.jpa.open-in-view=true) matched (OnPropertyCondition)
      - @ConditionalOnMissingBean (types: org.springframework.orm.jpa.support.OpenEntityManagerInViewInterceptor,org.springframework.orm.jpa.support.OpenEntityManagerInViewFilter; SearchStrategy: all) did not find any beans (OnBeanCondition)

   JpaBaseConfiguration.PersistenceManagedTypesConfiguration matched:
      - @ConditionalOnMissingBean (types: org.springframework.orm.jpa.LocalContainerEntityManagerFactoryBean,jakarta.persistence.EntityManagerFactory; SearchStrategy: all) did not find any beans (OnBeanCondition)

   JpaBaseConfiguration.PersistenceManagedTypesConfiguration#persistenceManagedTypes matched:
      - @ConditionalOnMissingBean (types: org.springframework.orm.jpa.persistenceunit.PersistenceManagedTypes; SearchStrategy: all) did not find any beans (OnBeanCondition)

   JpaRepositoriesAutoConfiguration matched:
      - @ConditionalOnClass found required class 'org.springframework.data.jpa.repository.JpaRepository' (OnClassCondition)
      - @ConditionalOnBooleanProperty (spring.data.jpa.repositories.enabled=true) matched (OnPropertyCondition)
      - @ConditionalOnBean (types: javax.sql.DataSource; SearchStrategy: all) found bean 'dataSource'; @ConditionalOnMissingBean (types: org.springframework.data.jpa.repository.support.JpaRepositoryFactoryBean,org.springframework.data.jpa.repository.config.JpaRepositoryConfigExtension; SearchStrategy: all) did not find any beans (OnBeanCondition)

   JtaAutoConfiguration matched:
      - @ConditionalOnClass found required class 'jakarta.transaction.Transaction' (OnClassCondition)
      - @ConditionalOnBooleanProperty (spring.jta.enabled=true) matched (OnPropertyCondition)

   LifecycleAutoConfiguration#defaultLifecycleProcessor matched:
      - @ConditionalOnMissingBean (names: lifecycleProcessor; SearchStrategy: current) did not find any beans (OnBeanCondition)

   LocalDevToolsAutoConfiguration matched:
      - Initialized Restarter Condition available and initialized (OnInitializedRestarterCondition)

   LocalDevToolsAutoConfiguration.LiveReloadConfiguration matched:
      - @ConditionalOnBooleanProperty (spring.devtools.livereload.enabled=true) matched (OnPropertyCondition)

   LocalDevToolsAutoConfiguration.LiveReloadConfiguration#liveReloadServer matched:
      - @ConditionalOnMissingBean (types: org.springframework.boot.devtools.livereload.LiveReloadServer; SearchStrategy: all) did not find any beans (OnBeanCondition)

   LocalDevToolsAutoConfiguration.RestartConfiguration matched:
      - @ConditionalOnBooleanProperty (spring.devtools.restart.enabled=true) matched (OnPropertyCondition)

   LocalDevToolsAutoConfiguration.RestartConfiguration#classPathFileSystemWatcher matched:
      - @ConditionalOnMissingBean (types: org.springframework.boot.devtools.classpath.ClassPathFileSystemWatcher; SearchStrategy: all) did not find any beans (OnBeanCondition)

   LocalDevToolsAutoConfiguration.RestartConfiguration#classPathRestartStrategy matched:
      - @ConditionalOnMissingBean (types: org.springframework.boot.devtools.classpath.ClassPathRestartStrategy; SearchStrategy: all) did not find any beans (OnBeanCondition)

   LocalDevToolsAutoConfiguration.RestartConfiguration#conditionEvaluationDeltaLoggingListener matched:
      - @ConditionalOnBooleanProperty (spring.devtools.restart.log-condition-evaluation-delta=true) matched (OnPropertyCondition)

   MessageSourceAutoConfiguration matched:
      - ResourceBundle found bundle file [C:\Users\tncr\Documents\PROJETS_ADACORP_MAI_2025\java_web_project\spring_project\task-managementV2\target\classes\messages.properties] (MessageSourceAutoConfiguration.ResourceBundleCondition)
      - @ConditionalOnMissingBean (names: messageSource; SearchStrategy: current) did not find any beans (OnBeanCondition)

   MultipartAutoConfiguration matched:
      - @ConditionalOnClass found required classes 'jakarta.servlet.Servlet', 'org.springframework.web.multipart.support.StandardServletMultipartResolver', 'jakarta.servlet.MultipartConfigElement' (OnClassCondition)
      - found 'session' scope (OnWebApplicationCondition)
      - @ConditionalOnBooleanProperty (spring.servlet.multipart.enabled=true) matched (OnPropertyCondition)

   MultipartAutoConfiguration#multipartConfigElement matched:
      - @ConditionalOnMissingBean (types: jakarta.servlet.MultipartConfigElement; SearchStrategy: all) did not find any beans (OnBeanCondition)

   MultipartAutoConfiguration#multipartResolver matched:
      - @ConditionalOnMissingBean (types: org.springframework.web.multipart.MultipartResolver; SearchStrategy: all) did not find any beans (OnBeanCondition)

   NamedParameterJdbcTemplateConfiguration matched:
      - @ConditionalOnSingleCandidate (types: org.springframework.jdbc.core.JdbcTemplate; SearchStrategy: all) found a single bean 'jdbcTemplate'; @ConditionalOnMissingBean (types: org.springframework.jdbc.core.namedparam.NamedParameterJdbcOperations; SearchStrategy: all) did not find any beans (OnBeanCondition)

   NoOpCacheConfiguration matched:
      - Cache org.springframework.boot.autoconfigure.cache.NoOpCacheConfiguration automatic cache type (CacheCondition)

   PersistenceExceptionTranslationAutoConfiguration matched:
      - @ConditionalOnClass found required class 'org.springframework.dao.annotation.PersistenceExceptionTranslationPostProcessor' (OnClassCondition)

   PersistenceExceptionTranslationAutoConfiguration#persistenceExceptionTranslationPostProcessor matched:
      - @ConditionalOnBooleanProperty (spring.dao.exceptiontranslation.enabled=true) matched (OnPropertyCondition)
      - @ConditionalOnMissingBean (types: org.springframework.dao.annotation.PersistenceExceptionTranslationPostProcessor; SearchStrategy: all) did not find any beans (OnBeanCondition)

   PropertyPlaceholderAutoConfiguration#propertySourcesPlaceholderConfigurer matched:
      - @ConditionalOnMissingBean (types: org.springframework.context.support.PropertySourcesPlaceholderConfigurer; SearchStrategy: current) did not find any beans (OnBeanCondition)

   RestClientAutoConfiguration matched:
      - @ConditionalOnClass found required class 'org.springframework.web.client.RestClient' (OnClassCondition)
      - AnyNestedCondition 1 matched 1 did not; NestedCondition on NotReactiveWebApplicationOrVirtualThreadsExecutorEnabledCondition.VirtualThreadsExecutorEnabled found non-matching nested conditions @ConditionalOnThreading did not find VIRTUAL; NestedCondition on NotReactiveWebApplicationOrVirtualThreadsExecutorEnabledCondition.NotReactiveWebApplication NoneNestedConditions 0 matched 1 did not; NestedCondition on NotReactiveWebApplicationCondition.ReactiveWebApplication did not find reactive web application classes (NotReactiveWebApplicationOrVirtualThreadsExecutorEnabledCondition)

   RestClientAutoConfiguration#httpMessageConvertersRestClientCustomizer matched:
      - @ConditionalOnMissingBean (types: org.springframework.boot.autoconfigure.web.client.HttpMessageConvertersRestClientCustomizer; SearchStrategy: all) did not find any beans (OnBeanCondition)

   RestClientAutoConfiguration#restClientBuilder matched:
      - @ConditionalOnMissingBean (types: org.springframework.web.client.RestClient$Builder; SearchStrategy: all) did not find any beans (OnBeanCondition)

   RestClientAutoConfiguration#restClientBuilderConfigurer matched:
      - @ConditionalOnMissingBean (types: org.springframework.boot.autoconfigure.web.client.RestClientBuilderConfigurer; SearchStrategy: all) did not find any beans (OnBeanCondition)

   RestClientAutoConfiguration#restClientSsl matched:
      - @ConditionalOnBean (types: org.springframework.boot.ssl.SslBundles; SearchStrategy: all) found bean 'sslBundleRegistry'; @ConditionalOnMissingBean (types: org.springframework.boot.autoconfigure.web.client.RestClientSsl; SearchStrategy: all) did not find any beans (OnBeanCondition)

   RestTemplateAutoConfiguration matched:
      - @ConditionalOnClass found required class 'org.springframework.web.client.RestTemplate' (OnClassCondition)
      - NoneNestedConditions 0 matched 1 did not; NestedCondition on NotReactiveWebApplicationCondition.ReactiveWebApplication did not find reactive web application classes (NotReactiveWebApplicationCondition)

   RestTemplateAutoConfiguration#restTemplateBuilder matched:
      - @ConditionalOnMissingBean (types: org.springframework.boot.web.client.RestTemplateBuilder; SearchStrategy: all) did not find any beans (OnBeanCondition)

   SecurityAutoConfiguration matched:
      - @ConditionalOnClass found required class 'org.springframework.security.authentication.DefaultAuthenticationEventPublisher' (OnClassCondition)

   SecurityAutoConfiguration#authenticationEventPublisher matched:
      - @ConditionalOnMissingBean (types: org.springframework.security.authentication.AuthenticationEventPublisher; SearchStrategy: all) did not find any beans (OnBeanCondition)

   SecurityFilterAutoConfiguration matched:
      - @ConditionalOnClass found required classes 'org.springframework.security.web.context.AbstractSecurityWebApplicationInitializer', 'org.springframework.security.config.http.SessionCreationPolicy' (OnClassCondition)
      - found 'session' scope (OnWebApplicationCondition)

   SecurityFilterAutoConfiguration#securityFilterChainRegistration matched:
      - @ConditionalOnBean (names: springSecurityFilterChain; SearchStrategy: all) found bean 'springSecurityFilterChain' (OnBeanCondition)

   ServletWebServerFactoryAutoConfiguration matched:
      - @ConditionalOnClass found required class 'jakarta.servlet.ServletRequest' (OnClassCondition)
      - found 'session' scope (OnWebApplicationCondition)

   ServletWebServerFactoryAutoConfiguration#tomcatServletWebServerFactoryCustomizer matched:
      - @ConditionalOnClass found required class 'org.apache.catalina.startup.Tomcat' (OnClassCondition)

   ServletWebServerFactoryConfiguration.EmbeddedTomcat matched:
      - @ConditionalOnClass found required classes 'jakarta.servlet.Servlet', 'org.apache.catalina.startup.Tomcat', 'org.apache.coyote.UpgradeProtocol' (OnClassCondition)
      - @ConditionalOnMissingBean (types: org.springframework.boot.web.servlet.server.ServletWebServerFactory; SearchStrategy: current) did not find any beans (OnBeanCondition)

   SimpleCacheConfiguration matched:
      - Cache org.springframework.boot.autoconfigure.cache.SimpleCacheConfiguration automatic cache type (CacheCondition)

   SpringApplicationAdminJmxAutoConfiguration matched:
      - @ConditionalOnBooleanProperty (spring.application.admin.enabled=true) matched (OnPropertyCondition)

   SpringApplicationAdminJmxAutoConfiguration#springApplicationAdminRegistrar matched:
      - @ConditionalOnMissingBean (types: org.springframework.boot.admin.SpringApplicationAdminMXBeanRegistrar; SearchStrategy: all) did not find any beans (OnBeanCondition)

   SpringBootWebSecurityConfiguration matched:
      - found 'session' scope (OnWebApplicationCondition)

   SpringDataWebAutoConfiguration matched:
      - @ConditionalOnClass found required classes 'org.springframework.data.web.PageableHandlerMethodArgumentResolver', 'org.springframework.web.servlet.config.annotation.WebMvcConfigurer' (OnClassCondition)
      - found 'session' scope (OnWebApplicationCondition)
      - @ConditionalOnMissingBean (types: org.springframework.data.web.PageableHandlerMethodArgumentResolver; SearchStrategy: all) did not find any beans (OnBeanCondition)

   SpringDataWebAutoConfiguration#pageableCustomizer matched:
      - @ConditionalOnMissingBean (types: org.springframework.data.web.config.PageableHandlerMethodArgumentResolverCustomizer; SearchStrategy: all) did not find any beans (OnBeanCondition)

   SpringDataWebAutoConfiguration#sortCustomizer matched:
      - @ConditionalOnMissingBean (types: org.springframework.data.web.config.SortHandlerMethodArgumentResolverCustomizer; SearchStrategy: all) did not find any beans (OnBeanCondition)

   SpringDataWebAutoConfiguration#springDataWebSettings matched:
      - @ConditionalOnMissingBean (types: org.springframework.data.web.config.SpringDataWebSettings; SearchStrategy: all) did not find any beans (OnBeanCondition)

   SqlInitializationAutoConfiguration matched:
      - @ConditionalOnBooleanProperty (spring.sql.init.enabled=true) matched (OnPropertyCondition)
      - NoneNestedConditions 0 matched 1 did not; NestedCondition on SqlInitializationAutoConfiguration.SqlInitializationModeCondition.ModeIsNever @ConditionalOnProperty (spring.sql.init.mode=never) did not find property 'spring.sql.init.mode' (SqlInitializationAutoConfiguration.SqlInitializationModeCondition)

   SslAutoConfiguration#sslBundleRegistry matched:
      - @ConditionalOnMissingBean (types: org.springframework.boot.ssl.SslBundleRegistry,org.springframework.boot.ssl.SslBundles; SearchStrategy: all) did not find any beans (OnBeanCondition)

   TaskExecutionAutoConfiguration matched:
      - @ConditionalOnClass found required class 'org.springframework.scheduling.concurrent.ThreadPoolTaskExecutor' (OnClassCondition)

   TaskExecutorConfigurations.AsyncConfigurerConfiguration matched:
      - @ConditionalOnMissingBean (types: org.springframework.scheduling.annotation.AsyncConfigurer; SearchStrategy: all) did not find any beans (OnBeanCondition)

   TaskExecutorConfigurations.AsyncConfigurerConfiguration#applicationTaskExecutorAsyncConfigurer matched:
      - @ConditionalOnMissingBean (types: org.springframework.scheduling.annotation.AsyncConfigurer; SearchStrategy: all) did not find any beans (OnBeanCondition)

   TaskExecutorConfigurations.SimpleAsyncTaskExecutorBuilderConfiguration#simpleAsyncTaskExecutorBuilder matched:
      - @ConditionalOnMissingBean (types: org.springframework.boot.task.SimpleAsyncTaskExecutorBuilder; SearchStrategy: all) did not find any beans (OnBeanCondition)
      - @ConditionalOnThreading found PLATFORM (OnThreadingCondition)

   TaskExecutorConfigurations.TaskExecutorConfiguration matched:
      - AnyNestedCondition 1 matched 1 did not; NestedCondition on TaskExecutorConfigurations.OnExecutorCondition.ModelCondition @ConditionalOnProperty (spring.task.execution.mode=force) did not find property 'spring.task.execution.mode'; NestedCondition on TaskExecutorConfigurations.OnExecutorCondition.ExecutorBeanCondition @ConditionalOnMissingBean (types: java.util.concurrent.Executor; SearchStrategy: all) did not find any beans (TaskExecutorConfigurations.OnExecutorCondition)

   TaskExecutorConfigurations.TaskExecutorConfiguration#applicationTaskExecutor matched:
      - @ConditionalOnThreading found PLATFORM (OnThreadingCondition)

   TaskExecutorConfigurations.ThreadPoolTaskExecutorBuilderConfiguration#threadPoolTaskExecutorBuilder matched:
      - @ConditionalOnMissingBean (types: org.springframework.boot.task.ThreadPoolTaskExecutorBuilder; SearchStrategy: all) did not find any beans (OnBeanCondition)

   TaskSchedulingAutoConfiguration matched:
      - @ConditionalOnClass found required class 'org.springframework.scheduling.concurrent.ThreadPoolTaskScheduler' (OnClassCondition)

   TaskSchedulingAutoConfiguration#scheduledBeanLazyInitializationExcludeFilter matched:
      - @ConditionalOnBean (names: org.springframework.context.annotation.internalScheduledAnnotationProcessor; SearchStrategy: all) found bean 'org.springframework.context.annotation.internalScheduledAnnotationProcessor' (OnBeanCondition)

   TaskSchedulingConfigurations.SimpleAsyncTaskSchedulerBuilderConfiguration#simpleAsyncTaskSchedulerBuilder matched:
      - @ConditionalOnMissingBean (types: org.springframework.boot.task.SimpleAsyncTaskSchedulerBuilder; SearchStrategy: all) did not find any beans (OnBeanCondition)
      - @ConditionalOnThreading found PLATFORM (OnThreadingCondition)

   TaskSchedulingConfigurations.TaskSchedulerConfiguration matched:
      - @ConditionalOnBean (names: org.springframework.context.annotation.internalScheduledAnnotationProcessor; SearchStrategy: all) found bean 'org.springframework.context.annotation.internalScheduledAnnotationProcessor'; @ConditionalOnMissingBean (types: org.springframework.scheduling.TaskScheduler,java.util.concurrent.ScheduledExecutorService; SearchStrategy: all) did not find any beans (OnBeanCondition)

   TaskSchedulingConfigurations.TaskSchedulerConfiguration#taskScheduler matched:
      - @ConditionalOnThreading found PLATFORM (OnThreadingCondition)

   TaskSchedulingConfigurations.ThreadPoolTaskSchedulerBuilderConfiguration#threadPoolTaskSchedulerBuilder matched:
      - @ConditionalOnMissingBean (types: org.springframework.boot.task.ThreadPoolTaskSchedulerBuilder; SearchStrategy: all) did not find any beans (OnBeanCondition)

   TemplateEngineConfigurations.DefaultTemplateEngineConfiguration#templateEngine matched:
      - @ConditionalOnMissingBean (types: org.thymeleaf.spring6.ISpringTemplateEngine; SearchStrategy: all) did not find any beans (OnBeanCondition)

   ThymeleafAutoConfiguration matched:
      - @ConditionalOnClass found required classes 'org.thymeleaf.templatemode.TemplateMode', 'org.thymeleaf.spring6.SpringTemplateEngine' (OnClassCondition)

   ThymeleafAutoConfiguration.DefaultTemplateResolverConfiguration matched:
      - @ConditionalOnMissingBean (names: defaultTemplateResolver; SearchStrategy: all) did not find any beans (OnBeanCondition)

   ThymeleafAutoConfiguration.ThymeleafSecurityDialectConfiguration matched:
      - @ConditionalOnClass found required classes 'org.thymeleaf.extras.springsecurity6.dialect.SpringSecurityDialect', 'org.springframework.security.web.server.csrf.CsrfToken' (OnClassCondition)

   ThymeleafAutoConfiguration.ThymeleafSecurityDialectConfiguration#securityDialect matched:
      - @ConditionalOnMissingBean (types: org.thymeleaf.extras.springsecurity6.dialect.SpringSecurityDialect; SearchStrategy: all) did not find any beans (OnBeanCondition)

   ThymeleafAutoConfiguration.ThymeleafWebLayoutConfiguration matched:
      - @ConditionalOnClass found required class 'nz.net.ultraq.thymeleaf.layoutdialect.LayoutDialect' (OnClassCondition)

   ThymeleafAutoConfiguration.ThymeleafWebLayoutConfiguration#layoutDialect matched:
      - @ConditionalOnMissingBean (types: nz.net.ultraq.thymeleaf.layoutdialect.LayoutDialect; SearchStrategy: all) did not find any beans (OnBeanCondition)

   ThymeleafAutoConfiguration.ThymeleafWebMvcConfiguration matched:
      - found 'session' scope (OnWebApplicationCondition)
      - @ConditionalOnBooleanProperty (spring.thymeleaf.enabled=true) matched (OnPropertyCondition)

   ThymeleafAutoConfiguration.ThymeleafWebMvcConfiguration.ThymeleafViewResolverConfiguration matched:
      - @ConditionalOnClass found required class 'org.springframework.web.servlet.view.AbstractCachingViewResolver' (OnClassCondition)

   ThymeleafAutoConfiguration.ThymeleafWebMvcConfiguration.ThymeleafViewResolverConfiguration#thymeleafViewResolver matched:
      - @ConditionalOnMissingBean (names: thymeleafViewResolver; SearchStrategy: all) did not find any beans (OnBeanCondition)

   TransactionAutoConfiguration matched:
      - @ConditionalOnClass found required class 'org.springframework.transaction.PlatformTransactionManager' (OnClassCondition)

   TransactionAutoConfiguration.EnableTransactionManagementConfiguration matched:
      - @ConditionalOnBean (types: org.springframework.transaction.TransactionManager; SearchStrategy: all) found bean 'transactionManager'; @ConditionalOnMissingBean (types: org.springframework.transaction.annotation.AbstractTransactionManagementConfiguration; SearchStrategy: all) did not find any beans (OnBeanCondition)

   TransactionAutoConfiguration.EnableTransactionManagementConfiguration.CglibAutoProxyConfiguration matched:
      - @ConditionalOnBooleanProperty (spring.aop.proxy-target-class=true) matched (OnPropertyCondition)

   TransactionAutoConfiguration.TransactionTemplateConfiguration matched:
      - @ConditionalOnSingleCandidate (types: org.springframework.transaction.PlatformTransactionManager; SearchStrategy: all) found a single bean 'transactionManager' (OnBeanCondition)

   TransactionAutoConfiguration.TransactionTemplateConfiguration#transactionTemplate matched:
      - @ConditionalOnMissingBean (types: org.springframework.transaction.support.TransactionOperations; SearchStrategy: all) did not find any beans (OnBeanCondition)

   TransactionManagerCustomizationAutoConfiguration matched:
      - @ConditionalOnClass found required class 'org.springframework.transaction.PlatformTransactionManager' (OnClassCondition)

   TransactionManagerCustomizationAutoConfiguration#platformTransactionManagerCustomizers matched:
      - @ConditionalOnMissingBean (types: org.springframework.boot.autoconfigure.transaction.TransactionManagerCustomizers; SearchStrategy: all) did not find any beans (OnBeanCondition)

   WebMvcAutoConfiguration matched:
      - @ConditionalOnClass found required classes 'jakarta.servlet.Servlet', 'org.springframework.web.servlet.DispatcherServlet', 'org.springframework.web.servlet.config.annotation.WebMvcConfigurer' (OnClassCondition)
      - found 'session' scope (OnWebApplicationCondition)
      - @ConditionalOnMissingBean (types: org.springframework.web.servlet.config.annotation.WebMvcConfigurationSupport; SearchStrategy: all) did not find any beans (OnBeanCondition)

   WebMvcAutoConfiguration#formContentFilter matched:
      - @ConditionalOnBooleanProperty (spring.mvc.formcontent.filter.enabled=true) matched (OnPropertyCondition)
      - @ConditionalOnMissingBean (types: org.springframework.web.filter.FormContentFilter; SearchStrategy: all) did not find any beans (OnBeanCondition)

   WebMvcAutoConfiguration.EnableWebMvcConfiguration#flashMapManager matched:
      - @ConditionalOnMissingBean (names: flashMapManager; SearchStrategy: all) did not find any beans (OnBeanCondition)

   WebMvcAutoConfiguration.EnableWebMvcConfiguration#localeResolver matched:
      - @ConditionalOnMissingBean (names: localeResolver; SearchStrategy: all) did not find any beans (OnBeanCondition)

   WebMvcAutoConfiguration.EnableWebMvcConfiguration#themeResolver matched:
      - @ConditionalOnMissingBean (names: themeResolver; SearchStrategy: all) did not find any beans (OnBeanCondition)

   WebMvcAutoConfiguration.EnableWebMvcConfiguration#viewNameTranslator matched:
      - @ConditionalOnMissingBean (names: viewNameTranslator; SearchStrategy: all) did not find any beans (OnBeanCondition)

   WebMvcAutoConfiguration.WebMvcAutoConfigurationAdapter#defaultViewResolver matched:
      - @ConditionalOnMissingBean (types: org.springframework.web.servlet.view.InternalResourceViewResolver; SearchStrategy: all) did not find any beans (OnBeanCondition)

   WebMvcAutoConfiguration.WebMvcAutoConfigurationAdapter#requestContextFilter matched:
      - @ConditionalOnMissingBean (types: org.springframework.web.context.request.RequestContextListener,org.springframework.web.filter.RequestContextFilter; SearchStrategy: all) did not find any beans (OnBeanCondition)

   WebMvcAutoConfiguration.WebMvcAutoConfigurationAdapter#viewResolver matched:
      - @ConditionalOnBean (types: org.springframework.web.servlet.ViewResolver; SearchStrategy: all) found beans 'defaultViewResolver', 'beanNameViewResolver', 'mvcViewResolver'; @ConditionalOnMissingBean (names: viewResolver types: org.springframework.web.servlet.view.ContentNegotiatingViewResolver; SearchStrategy: all) did not find any beans (OnBeanCondition)

   WebSocketServletAutoConfiguration matched:
      - @ConditionalOnClass found required classes 'jakarta.servlet.Servlet', 'jakarta.websocket.server.ServerContainer' (OnClassCondition)
      - found 'session' scope (OnWebApplicationCondition)

   WebSocketServletAutoConfiguration.TomcatWebSocketConfiguration matched:
      - @ConditionalOnClass found required classes 'org.apache.catalina.startup.Tomcat', 'org.apache.tomcat.websocket.server.WsSci' (OnClassCondition)

   WebSocketServletAutoConfiguration.TomcatWebSocketConfiguration#websocketServletWebServerCustomizer matched:
      - @ConditionalOnMissingBean (names: websocketServletWebServerCustomizer; SearchStrategy: all) did not find any beans (OnBeanCondition)


Negative matches:
-----------------

   ActiveMQAutoConfiguration:
      Did not match:
         - @ConditionalOnClass did not find required class 'jakarta.jms.ConnectionFactory' (OnClassCondition)

   AopAutoConfiguration.AspectJAutoProxyingConfiguration.JdkDynamicAutoProxyConfiguration:
      Did not match:
         - @ConditionalOnBooleanProperty (spring.aop.proxy-target-class=false) did not find property 'spring.aop.proxy-target-class' (OnPropertyCondition)

   AopAutoConfiguration.ClassProxyingConfiguration:
      Did not match:
         - @ConditionalOnMissingClass found unwanted class 'org.aspectj.weaver.Advice' (OnClassCondition)

   ArtemisAutoConfiguration:
      Did not match:
         - @ConditionalOnClass did not find required class 'jakarta.jms.ConnectionFactory' (OnClassCondition)

   BatchAutoConfiguration:
      Did not match:
         - @ConditionalOnClass did not find required class 'org.springframework.batch.core.launch.JobLauncher' (OnClassCondition)

   Cache2kCacheConfiguration:
      Did not match:
         - @ConditionalOnClass did not find required class 'org.cache2k.Cache2kBuilder' (OnClassCondition)

   CacheAutoConfiguration:
      Did not match:
         - @ConditionalOnBean (types: org.springframework.cache.interceptor.CacheAspectSupport; SearchStrategy: all) did not find any beans of type org.springframework.cache.interceptor.CacheAspectSupport (OnBeanCondition)
      Matched:
         - @ConditionalOnClass found required class 'org.springframework.cache.CacheManager' (OnClassCondition)

   CacheAutoConfiguration.CacheManagerEntityManagerFactoryDependsOnPostProcessor:
      Did not match:
         - Ancestor org.springframework.boot.autoconfigure.cache.CacheAutoConfiguration did not match (ConditionEvaluationReport.AncestorsMatchedCondition)
      Matched:
         - @ConditionalOnClass found required class 'org.springframework.orm.jpa.LocalContainerEntityManagerFactoryBean' (OnClassCondition)

   CaffeineCacheConfiguration:
      Did not match:
         - @ConditionalOnClass did not find required class 'com.github.benmanes.caffeine.cache.Caffeine' (OnClassCondition)

   CassandraAutoConfiguration:
      Did not match:
         - @ConditionalOnClass did not find required class 'com.datastax.oss.driver.api.core.CqlSession' (OnClassCondition)

   CassandraDataAutoConfiguration:
      Did not match:
         - @ConditionalOnClass did not find required class 'com.datastax.oss.driver.api.core.CqlSession' (OnClassCondition)

   CassandraReactiveDataAutoConfiguration:
      Did not match:
         - @ConditionalOnClass did not find required class 'com.datastax.oss.driver.api.core.CqlSession' (OnClassCondition)

   CassandraReactiveRepositoriesAutoConfiguration:
      Did not match:
         - @ConditionalOnClass did not find required class 'org.springframework.data.cassandra.ReactiveSession' (OnClassCondition)

   CassandraRepositoriesAutoConfiguration:
      Did not match:
         - @ConditionalOnClass did not find required class 'com.datastax.oss.driver.api.core.CqlSession' (OnClassCondition)

   org.springframework.boot.autoconfigure.http.client.reactive.ClientHttpConnectorAutoConfiguration:
      Did not match:
         - @ConditionalOnClass did not find required class 'reactor.core.publisher.Mono' (OnClassCondition)

   org.springframework.boot.autoconfigure.web.reactive.function.client.ClientHttpConnectorAutoConfiguration:
      Did not match:
         - @ConditionalOnClass did not find required class 'org.springframework.web.reactive.function.client.WebClient' (OnClassCondition)

   CodecsAutoConfiguration:
      Did not match:
         - @ConditionalOnClass did not find required class 'org.springframework.web.reactive.function.client.WebClient' (OnClassCondition)

   CouchbaseAutoConfiguration:
      Did not match:
         - @ConditionalOnClass did not find required class 'com.couchbase.client.java.Cluster' (OnClassCondition)

   CouchbaseCacheConfiguration:
      Did not match:
         - @ConditionalOnClass did not find required class 'com.couchbase.client.java.Cluster' (OnClassCondition)

   CouchbaseDataAutoConfiguration:
      Did not match:
         - @ConditionalOnClass did not find required class 'com.couchbase.client.java.Bucket' (OnClassCondition)

   CouchbaseReactiveDataAutoConfiguration:
      Did not match:
         - @ConditionalOnClass did not find required class 'com.couchbase.client.java.Cluster' (OnClassCondition)

   CouchbaseReactiveRepositoriesAutoConfiguration:
      Did not match:
         - @ConditionalOnClass did not find required class 'com.couchbase.client.java.Cluster' (OnClassCondition)

   CouchbaseRepositoriesAutoConfiguration:
      Did not match:
         - @ConditionalOnClass did not find required class 'com.couchbase.client.java.Bucket' (OnClassCondition)

   DataSourceAutoConfiguration.EmbeddedDatabaseConfiguration:
      Did not match:
         - EmbeddedDataSource spring.datasource.url is set (DataSourceAutoConfiguration.EmbeddedDatabaseCondition)

   DataSourceCheckpointRestoreConfiguration:
      Did not match:
         - @ConditionalOnClass did not find required class 'org.crac.Resource' (OnClassCondition)

   DataSourceConfiguration.Dbcp2:
      Did not match:
         - @ConditionalOnClass did not find required class 'org.apache.commons.dbcp2.BasicDataSource' (OnClassCondition)

   DataSourceConfiguration.Generic:
      Did not match:
         - @ConditionalOnProperty (spring.datasource.type) did not find property 'spring.datasource.type' (OnPropertyCondition)

   DataSourceConfiguration.OracleUcp:
      Did not match:
         - @ConditionalOnClass did not find required classes 'oracle.ucp.jdbc.PoolDataSourceImpl', 'oracle.jdbc.OracleConnection' (OnClassCondition)

   DataSourceConfiguration.Tomcat:
      Did not match:
         - @ConditionalOnClass did not find required class 'org.apache.tomcat.jdbc.pool.DataSource' (OnClassCondition)

   DataSourceJmxConfiguration.TomcatDataSourceJmxConfiguration:
      Did not match:
         - @ConditionalOnClass did not find required class 'org.apache.tomcat.jdbc.pool.DataSourceProxy' (OnClassCondition)

   DataSourcePoolMetadataProvidersConfiguration.CommonsDbcp2PoolDataSourceMetadataProviderConfiguration:
      Did not match:
         - @ConditionalOnClass did not find required class 'org.apache.commons.dbcp2.BasicDataSource' (OnClassCondition)

   DataSourcePoolMetadataProvidersConfiguration.OracleUcpPoolDataSourceMetadataProviderConfiguration:
      Did not match:
         - @ConditionalOnClass did not find required classes 'oracle.ucp.jdbc.PoolDataSource', 'oracle.jdbc.OracleConnection' (OnClassCondition)

   DataSourcePoolMetadataProvidersConfiguration.TomcatDataSourcePoolMetadataProviderConfiguration:
      Did not match:
         - @ConditionalOnClass did not find required class 'org.apache.tomcat.jdbc.pool.DataSource' (OnClassCondition)

   DataSourceTransactionManagerAutoConfiguration.JdbcTransactionManagerConfiguration#transactionManager:
      Did not match:
         - @ConditionalOnMissingBean (types: org.springframework.transaction.TransactionManager; SearchStrategy: all) found beans of type 'org.springframework.transaction.TransactionManager' transactionManager (OnBeanCondition)

   DevToolsR2dbcAutoConfiguration:
      Did not match:
         - @ConditionalOnClass did not find required class 'io.r2dbc.spi.ConnectionFactory' (OnClassCondition)

   DispatcherServletAutoConfiguration.DispatcherServletConfiguration#multipartResolver:
      Did not match:
         - @ConditionalOnBean (types: org.springframework.web.multipart.MultipartResolver; SearchStrategy: all) did not find any beans of type org.springframework.web.multipart.MultipartResolver (OnBeanCondition)

   ElasticsearchClientAutoConfiguration:
      Did not match:
         - @ConditionalOnClass did not find required class 'co.elastic.clients.elasticsearch.ElasticsearchClient' (OnClassCondition)

   ElasticsearchDataAutoConfiguration:
      Did not match:
         - @ConditionalOnClass did not find required class 'org.springframework.data.elasticsearch.client.elc.ElasticsearchTemplate' (OnClassCondition)

   ElasticsearchRepositoriesAutoConfiguration:
      Did not match:
         - @ConditionalOnClass did not find required class 'org.springframework.data.elasticsearch.repository.ElasticsearchRepository' (OnClassCondition)

   ElasticsearchRestClientAutoConfiguration:
      Did not match:
         - @ConditionalOnClass did not find required class 'org.elasticsearch.client.RestClientBuilder' (OnClassCondition)

   EmbeddedLdapAutoConfiguration:
      Did not match:
         - @ConditionalOnClass did not find required class 'com.unboundid.ldap.listener.InMemoryDirectoryServer' (OnClassCondition)

   EmbeddedWebServerFactoryCustomizerAutoConfiguration.JettyWebServerFactoryCustomizerConfiguration:
      Did not match:
         - @ConditionalOnClass did not find required classes 'org.eclipse.jetty.server.Server', 'org.eclipse.jetty.util.Loader', 'org.eclipse.jetty.ee10.webapp.WebAppContext' (OnClassCondition)

   EmbeddedWebServerFactoryCustomizerAutoConfiguration.NettyWebServerFactoryCustomizerConfiguration:
      Did not match:
         - @ConditionalOnClass did not find required class 'reactor.netty.http.server.HttpServer' (OnClassCondition)

   EmbeddedWebServerFactoryCustomizerAutoConfiguration.TomcatWebServerFactoryCustomizerConfiguration#tomcatVirtualThreadsProtocolHandlerCustomizer:
      Did not match:
         - @ConditionalOnThreading did not find VIRTUAL (OnThreadingCondition)

   EmbeddedWebServerFactoryCustomizerAutoConfiguration.UndertowWebServerFactoryCustomizerConfiguration:
      Did not match:
         - @ConditionalOnClass did not find required classes 'io.undertow.Undertow', 'org.xnio.SslClientAuthMode' (OnClassCondition)

   ErrorWebFluxAutoConfiguration:
      Did not match:
         - @ConditionalOnClass did not find required class 'org.springframework.web.reactive.config.WebFluxConfigurer' (OnClassCondition)

   FlywayAutoConfiguration:
      Did not match:
         - @ConditionalOnClass did not find required class 'org.flywaydb.core.Flyway' (OnClassCondition)

   FreeMarkerAutoConfiguration:
      Did not match:
         - @ConditionalOnClass did not find required class 'freemarker.template.Configuration' (OnClassCondition)

   GraphQlAutoConfiguration:
      Did not match:
         - @ConditionalOnClass did not find required class 'graphql.GraphQL' (OnClassCondition)

   GraphQlQueryByExampleAutoConfiguration:
      Did not match:
         - @ConditionalOnClass did not find required class 'graphql.GraphQL' (OnClassCondition)

   GraphQlQuerydslAutoConfiguration:
      Did not match:
         - @ConditionalOnClass did not find required class 'com.querydsl.core.Query' (OnClassCondition)

   GraphQlRSocketAutoConfiguration:
      Did not match:
         - @ConditionalOnClass did not find required class 'graphql.GraphQL' (OnClassCondition)

   GraphQlReactiveQueryByExampleAutoConfiguration:
      Did not match:
         - @ConditionalOnClass did not find required class 'graphql.GraphQL' (OnClassCondition)

   GraphQlReactiveQuerydslAutoConfiguration:
      Did not match:
         - @ConditionalOnClass did not find required class 'com.querydsl.core.Query' (OnClassCondition)

   GraphQlWebFluxAutoConfiguration:
      Did not match:
         - @ConditionalOnClass did not find required class 'graphql.GraphQL' (OnClassCondition)

   GraphQlWebFluxSecurityAutoConfiguration:
      Did not match:
         - @ConditionalOnClass did not find required class 'graphql.GraphQL' (OnClassCondition)

   GraphQlWebMvcAutoConfiguration:
      Did not match:
         - @ConditionalOnClass did not find required class 'graphql.GraphQL' (OnClassCondition)

   GraphQlWebMvcSecurityAutoConfiguration:
      Did not match:
         - @ConditionalOnClass did not find required class 'graphql.GraphQL' (OnClassCondition)

   GroovyTemplateAutoConfiguration:
      Did not match:
         - @ConditionalOnClass did not find required class 'groovy.text.markup.MarkupTemplateEngine' (OnClassCondition)

   GsonAutoConfiguration:
      Did not match:
         - @ConditionalOnClass did not find required class 'com.google.gson.Gson' (OnClassCondition)

   GsonHttpMessageConvertersConfiguration:
      Did not match:
         - @ConditionalOnClass did not find required class 'com.google.gson.Gson' (OnClassCondition)

   H2ConsoleAutoConfiguration:
      Did not match:
         - @ConditionalOnClass did not find required class 'org.h2.server.web.JakartaWebServlet' (OnClassCondition)

   HazelcastAutoConfiguration:
      Did not match:
         - @ConditionalOnClass did not find required class 'com.hazelcast.core.HazelcastInstance' (OnClassCondition)

   HazelcastCacheConfiguration:
      Did not match:
         - @ConditionalOnClass did not find required class 'com.hazelcast.core.HazelcastInstance' (OnClassCondition)

   HazelcastJpaDependencyAutoConfiguration:
      Did not match:
         - @ConditionalOnClass did not find required class 'com.hazelcast.core.HazelcastInstance' (OnClassCondition)

   HttpHandlerAutoConfiguration:
      Did not match:
         - @ConditionalOnClass did not find required class 'org.springframework.web.reactive.DispatcherHandler' (OnClassCondition)

   HypermediaAutoConfiguration:
      Did not match:
         - @ConditionalOnClass did not find required class 'org.springframework.hateoas.EntityModel' (OnClassCondition)

   InfinispanCacheConfiguration:
      Did not match:
         - @ConditionalOnClass did not find required class 'org.infinispan.spring.embedded.provider.SpringEmbeddedCacheManager' (OnClassCondition)

   IntegrationAutoConfiguration:
      Did not match:
         - @ConditionalOnClass did not find required class 'org.springframework.integration.config.EnableIntegration' (OnClassCondition)

   JCacheCacheConfiguration:
      Did not match:
         - @ConditionalOnClass did not find required class 'javax.cache.Caching' (OnClassCondition)

   JacksonHttpMessageConvertersConfiguration.MappingJackson2XmlHttpMessageConverterConfiguration:
      Did not match:
         - @ConditionalOnClass did not find required class 'com.fasterxml.jackson.dataformat.xml.XmlMapper' (OnClassCondition)

   JdbcRepositoriesAutoConfiguration:
      Did not match:
         - @ConditionalOnClass did not find required class 'org.springframework.data.jdbc.repository.config.AbstractJdbcConfiguration' (OnClassCondition)

   JerseyAutoConfiguration:
      Did not match:
         - @ConditionalOnClass did not find required class 'org.glassfish.jersey.server.spring.SpringComponentProvider' (OnClassCondition)

   JmsAutoConfiguration:
      Did not match:
         - @ConditionalOnClass did not find required class 'jakarta.jms.Message' (OnClassCondition)

   JndiConnectionFactoryAutoConfiguration:
      Did not match:
         - @ConditionalOnClass did not find required class 'org.springframework.jms.core.JmsTemplate' (OnClassCondition)

   JndiDataSourceAutoConfiguration:
      Did not match:
         - @ConditionalOnProperty (spring.datasource.jndi-name) did not find property 'spring.datasource.jndi-name' (OnPropertyCondition)
      Matched:
         - @ConditionalOnClass found required classes 'javax.sql.DataSource', 'org.springframework.jdbc.datasource.embedded.EmbeddedDatabaseType' (OnClassCondition)

   JndiJtaConfiguration:
      Did not match:
         - @ConditionalOnJndi JNDI environment is not available (OnJndiCondition)
      Matched:
         - @ConditionalOnClass found required class 'org.springframework.transaction.jta.JtaTransactionManager' (OnClassCondition)

   JooqAutoConfiguration:
      Did not match:
         - @ConditionalOnClass did not find required class 'org.jooq.DSLContext' (OnClassCondition)

   JpaRepositoriesAutoConfiguration#entityManagerFactoryBootstrapExecutorCustomizer:
      Did not match:
         - AnyNestedCondition 0 matched 2 did not; NestedCondition on JpaRepositoriesAutoConfiguration.BootstrapExecutorCondition.LazyBootstrapMode @ConditionalOnProperty (spring.data.jpa.repositories.bootstrap-mode=lazy) did not find property 'spring.data.jpa.repositories.bootstrap-mode'; NestedCondition on JpaRepositoriesAutoConfiguration.BootstrapExecutorCondition.DeferredBootstrapMode @ConditionalOnProperty (spring.data.jpa.repositories.bootstrap-mode=deferred) did not find property 'spring.data.jpa.repositories.bootstrap-mode' (JpaRepositoriesAutoConfiguration.BootstrapExecutorCondition)

   JsonbAutoConfiguration:
      Did not match:
         - @ConditionalOnClass did not find required class 'jakarta.json.bind.Jsonb' (OnClassCondition)

   JsonbHttpMessageConvertersConfiguration:
      Did not match:
         - @ConditionalOnClass did not find required class 'jakarta.json.bind.Jsonb' (OnClassCondition)

   KafkaAutoConfiguration:
      Did not match:
         - @ConditionalOnClass did not find required class 'org.springframework.kafka.core.KafkaTemplate' (OnClassCondition)

   LdapAutoConfiguration:
      Did not match:
         - @ConditionalOnClass did not find required class 'org.springframework.ldap.core.ContextSource' (OnClassCondition)

   LdapRepositoriesAutoConfiguration:
      Did not match:
         - @ConditionalOnClass did not find required class 'org.springframework.data.ldap.repository.LdapRepository' (OnClassCondition)

   LiquibaseAutoConfiguration:
      Did not match:
         - @ConditionalOnClass did not find required class 'liquibase.change.DatabaseChange' (OnClassCondition)

   MailSenderAutoConfiguration:
      Did not match:
         - @ConditionalOnClass did not find required class 'jakarta.mail.internet.MimeMessage' (OnClassCondition)

   MailSenderValidatorAutoConfiguration:
      Did not match:
         - @ConditionalOnSingleCandidate did not find required type 'org.springframework.mail.javamail.JavaMailSenderImpl' (OnBeanCondition)

   MongoAutoConfiguration:
      Did not match:
         - @ConditionalOnClass did not find required class 'com.mongodb.client.MongoClient' (OnClassCondition)

   MongoDataAutoConfiguration:
      Did not match:
         - @ConditionalOnClass did not find required class 'com.mongodb.client.MongoClient' (OnClassCondition)

   MongoReactiveAutoConfiguration:
      Did not match:
         - @ConditionalOnClass did not find required class 'com.mongodb.reactivestreams.client.MongoClient' (OnClassCondition)

   MongoReactiveDataAutoConfiguration:
      Did not match:
         - @ConditionalOnClass did not find required class 'com.mongodb.reactivestreams.client.MongoClient' (OnClassCondition)

   MongoReactiveRepositoriesAutoConfiguration:
      Did not match:
         - @ConditionalOnClass did not find required class 'com.mongodb.reactivestreams.client.MongoClient' (OnClassCondition)

   MongoRepositoriesAutoConfiguration:
      Did not match:
         - @ConditionalOnClass did not find required class 'com.mongodb.client.MongoClient' (OnClassCondition)

   MustacheAutoConfiguration:
      Did not match:
         - @ConditionalOnClass did not find required class 'com.samskivert.mustache.Mustache' (OnClassCondition)

   Neo4jAutoConfiguration:
      Did not match:
         - @ConditionalOnClass did not find required class 'org.neo4j.driver.Driver' (OnClassCondition)

   Neo4jDataAutoConfiguration:
      Did not match:
         - @ConditionalOnClass did not find required class 'org.neo4j.driver.Driver' (OnClassCondition)

   Neo4jReactiveDataAutoConfiguration:
      Did not match:
         - @ConditionalOnClass did not find required class 'org.neo4j.driver.Driver' (OnClassCondition)

   Neo4jReactiveRepositoriesAutoConfiguration:
      Did not match:
         - @ConditionalOnClass did not find required class 'org.neo4j.driver.Driver' (OnClassCondition)

   Neo4jRepositoriesAutoConfiguration:
      Did not match:
         - @ConditionalOnClass did not find required class 'org.neo4j.driver.Driver' (OnClassCondition)

   NettyAutoConfiguration:
      Did not match:
         - @ConditionalOnClass did not find required class 'io.netty.util.NettyRuntime' (OnClassCondition)

   OAuth2AuthorizationServerAutoConfiguration:
      Did not match:
         - @ConditionalOnClass did not find required class 'org.springframework.security.oauth2.server.authorization.OAuth2Authorization' (OnClassCondition)

   OAuth2AuthorizationServerJwtAutoConfiguration:
      Did not match:
         - @ConditionalOnClass did not find required class 'com.nimbusds.jose.jwk.source.JWKSource' (OnClassCondition)

   OAuth2ClientAutoConfiguration:
      Did not match:
         - @ConditionalOnClass did not find required class 'org.springframework.security.oauth2.client.registration.ClientRegistration' (OnClassCondition)

   OAuth2ClientWebSecurityAutoConfiguration:
      Did not match:
         - @ConditionalOnClass did not find required class 'org.springframework.security.oauth2.client.web.OAuth2AuthorizedClientRepository' (OnClassCondition)

   OAuth2ResourceServerAutoConfiguration:
      Did not match:
         - @ConditionalOnClass did not find required class 'org.springframework.security.oauth2.server.resource.authentication.BearerTokenAuthenticationToken' (OnClassCondition)

   ProjectInfoAutoConfiguration#buildProperties:
      Did not match:
         - @ConditionalOnResource did not find resource '${spring.info.build.location:classpath:META-INF/build-info.properties}' (OnResourceCondition)

   ProjectInfoAutoConfiguration#gitProperties:
      Did not match:
         - GitResource did not find git info at classpath:git.properties (ProjectInfoAutoConfiguration.GitResourceAvailableCondition)

   PulsarAutoConfiguration:
      Did not match:
         - @ConditionalOnClass did not find required class 'org.apache.pulsar.client.api.PulsarClient' (OnClassCondition)

   PulsarReactiveAutoConfiguration:
      Did not match:
         - @ConditionalOnClass did not find required class 'org.apache.pulsar.client.api.PulsarClient' (OnClassCondition)

   QuartzAutoConfiguration:
      Did not match:
         - @ConditionalOnClass did not find required class 'org.quartz.Scheduler' (OnClassCondition)

   R2dbcAutoConfiguration:
      Did not match:
         - @ConditionalOnClass did not find required class 'io.r2dbc.spi.ConnectionFactory' (OnClassCondition)

   R2dbcDataAutoConfiguration:
      Did not match:
         - @ConditionalOnClass did not find required class 'org.springframework.data.r2dbc.core.R2dbcEntityTemplate' (OnClassCondition)

   R2dbcInitializationConfiguration:
      Did not match:
         - @ConditionalOnClass did not find required classes 'io.r2dbc.spi.ConnectionFactory', 'org.springframework.r2dbc.connection.init.DatabasePopulator' (OnClassCondition)

   R2dbcProxyAutoConfiguration:
      Did not match:
         - @ConditionalOnClass did not find required class 'io.r2dbc.proxy.ProxyConnectionFactory' (OnClassCondition)

   R2dbcRepositoriesAutoConfiguration:
      Did not match:
         - @ConditionalOnClass did not find required class 'io.r2dbc.spi.ConnectionFactory' (OnClassCondition)

   R2dbcTransactionManagerAutoConfiguration:
      Did not match:
         - @ConditionalOnClass did not find required class 'org.springframework.r2dbc.connection.R2dbcTransactionManager' (OnClassCondition)

   RSocketGraphQlClientAutoConfiguration:
      Did not match:
         - @ConditionalOnClass did not find required class 'graphql.GraphQL' (OnClassCondition)

   RSocketMessagingAutoConfiguration:
      Did not match:
         - @ConditionalOnClass did not find required class 'io.rsocket.RSocket' (OnClassCondition)

   RSocketRequesterAutoConfiguration:
      Did not match:
         - @ConditionalOnClass did not find required class 'io.rsocket.RSocket' (OnClassCondition)

   RSocketSecurityAutoConfiguration:
      Did not match:
         - @ConditionalOnClass did not find required class 'org.springframework.security.rsocket.core.SecuritySocketAcceptorInterceptor' (OnClassCondition)

   RSocketServerAutoConfiguration:
      Did not match:
         - @ConditionalOnClass did not find required class 'io.rsocket.core.RSocketServer' (OnClassCondition)

   RSocketStrategiesAutoConfiguration:
      Did not match:
         - @ConditionalOnClass did not find required class 'io.netty.buffer.PooledByteBufAllocator' (OnClassCondition)

   RabbitAutoConfiguration:
      Did not match:
         - @ConditionalOnClass did not find required class 'com.rabbitmq.client.Channel' (OnClassCondition)

   ReactiveElasticsearchClientAutoConfiguration:
      Did not match:
         - @ConditionalOnClass did not find required class 'co.elastic.clients.transport.ElasticsearchTransport' (OnClassCondition)

   ReactiveElasticsearchRepositoriesAutoConfiguration:
      Did not match:
         - @ConditionalOnClass did not find required class 'reactor.core.publisher.Mono' (OnClassCondition)

   ReactiveMultipartAutoConfiguration:
      Did not match:
         - @ConditionalOnClass did not find required class 'org.springframework.web.reactive.config.WebFluxConfigurer' (OnClassCondition)

   ReactiveOAuth2ClientAutoConfiguration:
      Did not match:
         - @ConditionalOnClass did not find required class 'reactor.core.publisher.Flux' (OnClassCondition)

   ReactiveOAuth2ClientWebSecurityAutoConfiguration:
      Did not match:
         - @ConditionalOnClass did not find required class 'reactor.core.publisher.Flux' (OnClassCondition)

   ReactiveOAuth2ResourceServerAutoConfiguration:
      Did not match:
         - @ConditionalOnWebApplication did not find reactive web application classes (OnWebApplicationCondition)

   ReactiveSecurityAutoConfiguration:
      Did not match:
         - @ConditionalOnClass did not find required class 'reactor.core.publisher.Flux' (OnClassCondition)

   ReactiveUserDetailsServiceAutoConfiguration:
      Did not match:
         - AnyNestedCondition 0 matched 2 did not; NestedCondition on ReactiveUserDetailsServiceAutoConfiguration.RSocketEnabledOrReactiveWebApplication.ReactiveWebApplicationCondition did not find reactive web application classes; NestedCondition on ReactiveUserDetailsServiceAutoConfiguration.RSocketEnabledOrReactiveWebApplication.RSocketSecurityEnabledCondition @ConditionalOnBean (types: ?; SearchStrategy: all) did not find any beans of type ? (ReactiveUserDetailsServiceAutoConfiguration.RSocketEnabledOrReactiveWebApplication)
      Matched:
         - @ConditionalOnClass found required class 'org.springframework.security.authentication.ReactiveAuthenticationManager' (OnClassCondition)
         - AnyNestedCondition 1 matched 2 did not; NestedCondition on ReactiveUserDetailsServiceAutoConfiguration.MissingAlternativeOrUserPropertiesConfigured.PasswordConfigured @ConditionalOnProperty (spring.security.user.password) did not find property 'spring.security.user.password'; NestedCondition on ReactiveUserDetailsServiceAutoConfiguration.MissingAlternativeOrUserPropertiesConfigured.NameConfigured @ConditionalOnProperty (spring.security.user.name) did not find property 'spring.security.user.name'; NestedCondition on ReactiveUserDetailsServiceAutoConfiguration.MissingAlternativeOrUserPropertiesConfigured.MissingAlternative @ConditionalOnMissingClass did not find unwanted classes 'org.springframework.security.oauth2.client.registration.ClientRegistrationRepository', 'org.springframework.security.oauth2.server.resource.introspection.ReactiveOpaqueTokenIntrospector' (ReactiveUserDetailsServiceAutoConfiguration.MissingAlternativeOrUserPropertiesConfigured)

   ReactiveWebServerFactoryAutoConfiguration:
      Did not match:
         - @ConditionalOnWebApplication did not find reactive web application classes (OnWebApplicationCondition)

   ReactorAutoConfiguration:
      Did not match:
         - @ConditionalOnClass did not find required class 'reactor.core.publisher.Hooks' (OnClassCondition)

   RedisAutoConfiguration:
      Did not match:
         - @ConditionalOnClass did not find required class 'org.springframework.data.redis.core.RedisOperations' (OnClassCondition)

   RedisCacheConfiguration:
      Did not match:
         - @ConditionalOnClass did not find required class 'org.springframework.data.redis.connection.RedisConnectionFactory' (OnClassCondition)

   RedisReactiveAutoConfiguration:
      Did not match:
         - @ConditionalOnClass did not find required class 'reactor.core.publisher.Flux' (OnClassCondition)

   RedisRepositoriesAutoConfiguration:
      Did not match:
         - @ConditionalOnClass did not find required class 'org.springframework.data.redis.repository.configuration.EnableRedisRepositories' (OnClassCondition)

   RemoteDevToolsAutoConfiguration:
      Did not match:
         - @ConditionalOnProperty (spring.devtools.remote.secret) did not find property 'spring.devtools.remote.secret' (OnPropertyCondition)
      Matched:
         - @ConditionalOnClass found required classes 'jakarta.servlet.Filter', 'org.springframework.http.server.ServerHttpRequest' (OnClassCondition)

   RepositoryRestMvcAutoConfiguration:
      Did not match:
         - @ConditionalOnClass did not find required class 'org.springframework.data.rest.webmvc.config.RepositoryRestMvcConfiguration' (OnClassCondition)

   Saml2RelyingPartyAutoConfiguration:
      Did not match:
         - @ConditionalOnClass did not find required class 'org.springframework.security.saml2.provider.service.registration.RelyingPartyRegistrationRepository' (OnClassCondition)

   SecurityDataConfiguration:
      Did not match:
         - @ConditionalOnClass did not find required class 'org.springframework.security.data.repository.query.SecurityEvaluationContextExtension' (OnClassCondition)

   SendGridAutoConfiguration:
      Did not match:
         - @ConditionalOnClass did not find required class 'com.sendgrid.SendGrid' (OnClassCondition)

   ServletWebServerFactoryAutoConfiguration.ForwardedHeaderFilterConfiguration:
      Did not match:
         - @ConditionalOnProperty (server.forward-headers-strategy=framework) did not find property 'server.forward-headers-strategy' (OnPropertyCondition)

   ServletWebServerFactoryConfiguration.EmbeddedJetty:
      Did not match:
         - @ConditionalOnClass did not find required classes 'org.eclipse.jetty.server.Server', 'org.eclipse.jetty.util.Loader', 'org.eclipse.jetty.ee10.webapp.WebAppContext' (OnClassCondition)

   ServletWebServerFactoryConfiguration.EmbeddedUndertow:
      Did not match:
         - @ConditionalOnClass did not find required classes 'io.undertow.Undertow', 'org.xnio.SslClientAuthMode' (OnClassCondition)

   SessionAutoConfiguration:
      Did not match:
         - @ConditionalOnClass did not find required class 'org.springframework.session.Session' (OnClassCondition)

   SpringBootWebSecurityConfiguration.SecurityFilterChainConfiguration:
      Did not match:
         - AllNestedConditions 1 matched 1 did not; NestedCondition on DefaultWebSecurityCondition.Beans @ConditionalOnMissingBean (types: org.springframework.security.web.SecurityFilterChain; SearchStrategy: all) found beans of type 'org.springframework.security.web.SecurityFilterChain' filterChain; NestedCondition on DefaultWebSecurityCondition.Classes @ConditionalOnClass found required classes 'org.springframework.security.web.SecurityFilterChain', 'org.springframework.security.config.annotation.web.builders.HttpSecurity' (DefaultWebSecurityCondition)

   SpringBootWebSecurityConfiguration.WebSecurityEnablerConfiguration:
      Did not match:
         - @ConditionalOnMissingBean (names: springSecurityFilterChain; SearchStrategy: all) found beans named springSecurityFilterChain (OnBeanCondition)
      Matched:
         - @ConditionalOnClass found required class 'org.springframework.security.config.annotation.web.configuration.EnableWebSecurity' (OnClassCondition)

   TaskExecutorConfigurations.SimpleAsyncTaskExecutorBuilderConfiguration#simpleAsyncTaskExecutorBuilderVirtualThreads:
      Did not match:
         - @ConditionalOnMissingBean (types: org.springframework.boot.task.SimpleAsyncTaskExecutorBuilder; SearchStrategy: all) found beans of type 'org.springframework.boot.task.SimpleAsyncTaskExecutorBuilder' simpleAsyncTaskExecutorBuilder (OnBeanCondition)

   TaskExecutorConfigurations.TaskExecutorConfiguration#applicationTaskExecutorVirtualThreads:
      Did not match:
         - @ConditionalOnThreading did not find VIRTUAL (OnThreadingCondition)

   TaskSchedulingConfigurations.SimpleAsyncTaskSchedulerBuilderConfiguration#simpleAsyncTaskSchedulerBuilderVirtualThreads:
      Did not match:
         - @ConditionalOnMissingBean (types: org.springframework.boot.task.SimpleAsyncTaskSchedulerBuilder; SearchStrategy: all) found beans of type 'org.springframework.boot.task.SimpleAsyncTaskSchedulerBuilder' simpleAsyncTaskSchedulerBuilder (OnBeanCondition)

   TaskSchedulingConfigurations.TaskSchedulerConfiguration#taskSchedulerVirtualThreads:
      Did not match:
         - @ConditionalOnThreading did not find VIRTUAL (OnThreadingCondition)

   TemplateEngineConfigurations.ReactiveTemplateEngineConfiguration:
      Did not match:
         - did not find reactive web application classes (OnWebApplicationCondition)

   ThymeleafAutoConfiguration.DataAttributeDialectConfiguration:
      Did not match:
         - @ConditionalOnClass did not find required class 'com.github.mxab.thymeleaf.extras.dataattribute.dialect.DataAttributeDialect' (OnClassCondition)

   ThymeleafAutoConfiguration.ThymeleafWebFluxConfiguration:
      Did not match:
         - did not find reactive web application classes (OnWebApplicationCondition)

   ThymeleafAutoConfiguration.ThymeleafWebMvcConfiguration#resourceUrlEncodingFilter:
      Did not match:
         - @ConditionalOnEnabledResourceChain did not find class org.webjars.WebJarVersionLocator (OnEnabledResourceChainCondition)

   TransactionAutoConfiguration#transactionalOperator:
      Did not match:
         - @ConditionalOnSingleCandidate (types: org.springframework.transaction.ReactiveTransactionManager; SearchStrategy: all) did not find any beans (OnBeanCondition)

   TransactionAutoConfiguration.AspectJTransactionManagementConfiguration:
      Did not match:
         - @ConditionalOnBean (types: org.springframework.transaction.aspectj.AbstractTransactionAspect; SearchStrategy: all) did not find any beans of type org.springframework.transaction.aspectj.AbstractTransactionAspect (OnBeanCondition)

   TransactionAutoConfiguration.EnableTransactionManagementConfiguration.JdkDynamicAutoProxyConfiguration:
      Did not match:
         - @ConditionalOnBooleanProperty (spring.aop.proxy-target-class=false) did not find property 'spring.aop.proxy-target-class' (OnPropertyCondition)

   UserDetailsServiceAutoConfiguration:
      Did not match:
         - @ConditionalOnMissingBean (types: org.springframework.security.authentication.AuthenticationManager,org.springframework.security.authentication.AuthenticationProvider,org.springframework.security.core.userdetails.UserDetailsService,org.springframework.security.authentication.AuthenticationManagerResolver,?; SearchStrategy: all) found beans of type 'org.springframework.security.core.userdetails.UserDetailsService' customUserDetailsService (OnBeanCondition)
      Matched:
         - @ConditionalOnClass found required class 'org.springframework.security.authentication.AuthenticationManager' (OnClassCondition)
         - found 'session' scope (OnWebApplicationCondition)
         - AnyNestedCondition 1 matched 2 did not; NestedCondition on UserDetailsServiceAutoConfiguration.MissingAlternativeOrUserPropertiesConfigured.PasswordConfigured @ConditionalOnProperty (spring.security.user.password) did not find property 'spring.security.user.password'; NestedCondition on UserDetailsServiceAutoConfiguration.MissingAlternativeOrUserPropertiesConfigured.NameConfigured @ConditionalOnProperty (spring.security.user.name) did not find property 'spring.security.user.name'; NestedCondition on UserDetailsServiceAutoConfiguration.MissingAlternativeOrUserPropertiesConfigured.MissingAlternative @ConditionalOnMissingClass did not find unwanted classes 'org.springframework.security.oauth2.client.registration.ClientRegistrationRepository', 'org.springframework.security.oauth2.server.resource.introspection.OpaqueTokenIntrospector', 'org.springframework.security.saml2.provider.service.registration.RelyingPartyRegistrationRepository' (UserDetailsServiceAutoConfiguration.MissingAlternativeOrUserPropertiesConfigured)

   ValidationAutoConfiguration:
      Did not match:
         - @ConditionalOnClass did not find required class 'jakarta.validation.executable.ExecutableValidator' (OnClassCondition)

   WebClientAutoConfiguration:
      Did not match:
         - @ConditionalOnClass did not find required class 'org.springframework.web.reactive.function.client.WebClient' (OnClassCondition)

   WebFluxAutoConfiguration:
      Did not match:
         - @ConditionalOnClass did not find required class 'org.springframework.web.reactive.config.WebFluxConfigurer' (OnClassCondition)

   WebMvcAutoConfiguration#hiddenHttpMethodFilter:
      Did not match:
         - @ConditionalOnBooleanProperty (spring.mvc.hiddenmethod.filter.enabled=true) did not find property 'spring.mvc.hiddenmethod.filter.enabled' (OnPropertyCondition)

   WebMvcAutoConfiguration.ProblemDetailsErrorHandlingConfiguration:
      Did not match:
         - @ConditionalOnBooleanProperty (spring.mvc.problemdetails.enabled=true) did not find property 'spring.mvc.problemdetails.enabled' (OnPropertyCondition)

   WebMvcAutoConfiguration.ResourceChainCustomizerConfiguration:
      Did not match:
         - @ConditionalOnEnabledResourceChain did not find class org.webjars.WebJarVersionLocator (OnEnabledResourceChainCondition)

   WebMvcAutoConfiguration.WebMvcAutoConfigurationAdapter#beanNameViewResolver:
      Did not match:
         - @ConditionalOnMissingBean (types: org.springframework.web.servlet.view.BeanNameViewResolver; SearchStrategy: all) found beans of type 'org.springframework.web.servlet.view.BeanNameViewResolver' beanNameViewResolver (OnBeanCondition)

   WebServiceTemplateAutoConfiguration:
      Did not match:
         - @ConditionalOnClass did not find required class 'org.springframework.oxm.Marshaller' (OnClassCondition)

   WebServicesAutoConfiguration:
      Did not match:
         - @ConditionalOnClass did not find required class 'org.springframework.ws.transport.http.MessageDispatcherServlet' (OnClassCondition)

   WebSessionIdResolverAutoConfiguration:
      Did not match:
         - @ConditionalOnClass did not find required class 'reactor.core.publisher.Mono' (OnClassCondition)

   WebSocketMessagingAutoConfiguration:
      Did not match:
         - @ConditionalOnClass did not find required class 'org.springframework.web.socket.config.annotation.WebSocketMessageBrokerConfigurer' (OnClassCondition)

   WebSocketReactiveAutoConfiguration:
      Did not match:
         - @ConditionalOnWebApplication did not find reactive web application classes (OnWebApplicationCondition)

   WebSocketServletAutoConfiguration.JettyWebSocketConfiguration:
      Did not match:
         - @ConditionalOnClass did not find required class 'org.eclipse.jetty.ee10.websocket.jakarta.server.config.JakartaWebSocketServletContainerInitializer' (OnClassCondition)

   WebSocketServletAutoConfiguration.UndertowWebSocketConfiguration:
      Did not match:
         - @ConditionalOnClass did not find required class 'io.undertow.websockets.jsr.Bootstrap' (OnClassCondition)

   XADataSourceAutoConfiguration:
      Did not match:
         - @ConditionalOnBean (types: org.springframework.boot.jdbc.XADataSourceWrapper; SearchStrategy: all) did not find any beans of type org.springframework.boot.jdbc.XADataSourceWrapper (OnBeanCondition)
      Matched:
         - @ConditionalOnClass found required classes 'javax.sql.DataSource', 'jakarta.transaction.TransactionManager', 'org.springframework.jdbc.datasource.embedded.EmbeddedDatabaseType' (OnClassCondition)


Exclusions:
-----------

    None


Unconditional classes:
----------------------

    org.springframework.boot.autoconfigure.context.ConfigurationPropertiesAutoConfiguration

    org.springframework.boot.autoconfigure.ssl.SslAutoConfiguration

    org.springframework.boot.autoconfigure.context.LifecycleAutoConfiguration

    org.springframework.boot.autoconfigure.context.PropertyPlaceholderAutoConfiguration

    org.springframework.boot.autoconfigure.availability.ApplicationAvailabilityAutoConfiguration

    org.springframework.boot.autoconfigure.info.ProjectInfoAutoConfiguration



2025-12-06T11:02:32.202+01:00  INFO 6936 --- [task-managementV2] [restartedMain] c.a.t.TaskManagementV2Application        : Started TaskManagementV2Application in 13.053 seconds (process running for 15.316)
2025-12-06T11:02:32.206+01:00 DEBUG 6936 --- [task-managementV2] [restartedMain] o.s.b.a.ApplicationAvailabilityBean      : Application availability state LivenessState changed to CORRECT
2025-12-06T11:02:32.213+01:00  INFO 6936 --- [task-managementV2] [restartedMain] c.a.t.batch.AccountCleanupBatch          : ➡ Batch planifié !
2025-12-06T11:02:32.217+01:00  INFO 6936 --- [task-managementV2] [scheduling-1] c.a.t.batch.AccountCleanupBatch          : ➡ Batch exécuté toutes les X ms (fixedRate) !
2025-12-06T11:02:32.219+01:00 DEBUG 6936 --- [task-managementV2] [restartedMain] org.hibernate.SQL                        : 
    update
        utilisateur u1_0 
    set
        is_account_non_locked=false 
    where
        u1_0.is_account_non_locked=true 
        and (
            u1_0.date_derniere_connexion is null 
            or u1_0.date_derniere_connexion<?
        )
2025-12-06T11:02:32.221+01:00  INFO 6936 --- [task-managementV2] [restartedMain] c.a.t.batch.AccountCleanupBatch          : Batch SQL 2A : terminé : 0 comptes non connecté depuis 90 désactivés.
2025-12-06T11:02:32.223+01:00 DEBUG 6936 --- [task-managementV2] [restartedMain] org.hibernate.SQL                        : 
    UPDATE
        public.utilisateur 
    SET
        is_account_non_locked = false 
    WHERE
        is_account_non_locked = true 
        AND (
            date_derniere_connexion IS NULL 
            OR (
                CAST(CURRENT_DATE+1 AS DATE) - CAST(date_derniere_connexion AS DATE)
            ) >= ?
        )
2025-12-06T11:02:32.224+01:00 DEBUG 6936 --- [task-managementV2] [scheduling-1] org.hibernate.SQL                        : 
    update
        utilisateur u1_0 
    set
        is_account_non_locked=false 
    where
        u1_0.is_account_non_locked=true 
        and (
            u1_0.date_derniere_connexion is null 
            or u1_0.date_derniere_connexion<?
        )
2025-12-06T11:02:32.225+01:00  INFO 6936 --- [task-managementV2] [restartedMain] c.a.t.batch.AccountCleanupBatch          : Batch SQL 2D : terminé.
2025-12-06T11:02:32.227+01:00 DEBUG 6936 --- [task-managementV2] [restartedMain] org.hibernate.SQL                        : 
    update
        utilisateur u1_0 
    set
        is_account_non_locked=false 
    where
        u1_0.is_account_non_locked=true 
        and (
            u1_0.date_derniere_connexion is null 
            or u1_0.date_derniere_connexion<?
        )
2025-12-06T11:02:32.229+01:00  INFO 6936 --- [task-managementV2] [restartedMain] c.a.t.batch.AccountCleanupBatch          : Batch SQL 1A : terminé : 0 comptes non connecté depuis 90 désactivés.
2025-12-06T11:02:32.231+01:00 DEBUG 6936 --- [task-managementV2] [restartedMain] org.hibernate.SQL                        : 
    UPDATE
        public.utilisateur 
    SET
        is_account_non_locked = true 
    WHERE
        is_account_non_locked = false 
        AND (
            date_derniere_connexion IS NOT NULL 
            AND (
                CAST(CURRENT_DATE+1 AS DATE) - CAST(date_derniere_connexion AS DATE)
            ) < ?
        )
2025-12-06T11:02:32.232+01:00  INFO 6936 --- [task-managementV2] [scheduling-1] c.a.t.batch.AccountCleanupBatch          : Batch SQL 2A : terminé : 0 comptes non connecté depuis 90 désactivés.
2025-12-06T11:02:32.233+01:00  INFO 6936 --- [task-managementV2] [restartedMain] c.a.t.batch.AccountCleanupBatch          : Batch SQL 2A : terminé.
2025-12-06T11:02:32.234+01:00  INFO 6936 --- [task-managementV2] [restartedMain] c.a.t.batch.AccountCleanupBatch          : ➡ Batch exécuté !
2025-12-06T11:02:32.234+01:00 DEBUG 6936 --- [task-managementV2] [scheduling-1] org.hibernate.SQL                        : 
    UPDATE
        public.utilisateur 
    SET
        is_account_non_locked = false 
    WHERE
        is_account_non_locked = true 
        AND (
            date_derniere_connexion IS NULL 
            OR (
                CAST(CURRENT_DATE+1 AS DATE) - CAST(date_derniere_connexion AS DATE)
            ) >= ?
        )
2025-12-06T11:02:32.235+01:00 DEBUG 6936 --- [task-managementV2] [restartedMain] o.s.boot.devtools.restart.Restarter      : Creating new Restarter for thread Thread[main,5,main]
2025-12-06T11:02:32.236+01:00 DEBUG 6936 --- [task-managementV2] [restartedMain] o.s.boot.devtools.restart.Restarter      : Immediately restarting application
2025-12-06T11:02:32.237+01:00 DEBUG 6936 --- [task-managementV2] [restartedMain] o.s.boot.devtools.restart.Restarter      : Starting application com.adacorp.task_managementV2.TaskManagementV2Application with URLs [file:/C:/Users/tncr/Documents/PROJETS_ADACORP_MAI_2025/java_web_project/spring_project/task-managementV2/target/classes/]
2025-12-06T11:02:32.237+01:00  INFO 6936 --- [task-managementV2] [scheduling-1] c.a.t.batch.AccountCleanupBatch          : Batch SQL 2D : terminé.
2025-12-06T11:02:32.238+01:00 DEBUG 6936 --- [task-managementV2] [restartedMain] o.s.b.a.ApplicationAvailabilityBean      : Application availability state ReadinessState changed to ACCEPTING_TRAFFIC
2025-12-06T11:02:32.240+01:00 DEBUG 6936 --- [task-managementV2] [scheduling-1] org.hibernate.SQL                        : 
    update
        utilisateur u1_0 
    set
        is_account_non_locked=false 
    where
        u1_0.is_account_non_locked=true 
        and (
            u1_0.date_derniere_connexion is null 
            or u1_0.date_derniere_connexion<?
        )
2025-12-06T11:02:32.242+01:00  INFO 6936 --- [task-managementV2] [scheduling-1] c.a.t.batch.AccountCleanupBatch          : Batch SQL 1A : terminé : 0 comptes non connecté depuis 90 désactivés.
2025-12-06T11:02:32.244+01:00 DEBUG 6936 --- [task-managementV2] [scheduling-1] org.hibernate.SQL                        : 
    UPDATE
        public.utilisateur 
    SET
        is_account_non_locked = true 
    WHERE
        is_account_non_locked = false 
        AND (
            date_derniere_connexion IS NOT NULL 
            AND (
                CAST(CURRENT_DATE+1 AS DATE) - CAST(date_derniere_connexion AS DATE)
            ) < ?
        )
2025-12-06T11:02:32.246+01:00  INFO 6936 --- [task-managementV2] [scheduling-1] c.a.t.batch.AccountCleanupBatch          : Batch SQL 2A : terminé.
2025-12-06T11:02:32.247+01:00  INFO 6936 --- [task-managementV2] [scheduling-1] c.a.t.batch.AccountCleanupBatch          : ➡ Batch exécuté !
2025-12-06T11:02:32.247+01:00  INFO 6936 --- [task-managementV2] [scheduling-1] c.a.t.batch.AccountCleanupBatch          : ➡ Batch exécuté toutes les X ms (fixedRate) !
2025-12-06T11:02:32.250+01:00 DEBUG 6936 --- [task-managementV2] [scheduling-1] org.hibernate.SQL                        : 
    update
        utilisateur u1_0 
    set
        is_account_non_locked=false 
    where
        u1_0.is_account_non_locked=true 
        and (
            u1_0.date_derniere_connexion is null 
            or u1_0.date_derniere_connexion<?
        )
2025-12-06T11:02:32.251+01:00  INFO 6936 --- [task-managementV2] [scheduling-1] c.a.t.batch.AccountCleanupBatch          : Batch SQL 2A : terminé : 0 comptes non connecté depuis 90 désactivés.
2025-12-06T11:02:32.253+01:00 DEBUG 6936 --- [task-managementV2] [scheduling-1] org.hibernate.SQL                        : 
    UPDATE
        public.utilisateur 
    SET
        is_account_non_locked = false 
    WHERE
        is_account_non_locked = true 
        AND (
            date_derniere_connexion IS NULL 
            OR (
                CAST(CURRENT_DATE+1 AS DATE) - CAST(date_derniere_connexion AS DATE)
            ) >= ?
        )
2025-12-06T11:02:32.256+01:00  INFO 6936 --- [task-managementV2] [scheduling-1] c.a.t.batch.AccountCleanupBatch          : Batch SQL 2D : terminé.
2025-12-06T11:02:32.258+01:00 DEBUG 6936 --- [task-managementV2] [scheduling-1] org.hibernate.SQL                        : 
    update
        utilisateur u1_0 
    set
        is_account_non_locked=false 
    where
        u1_0.is_account_non_locked=true 
        and (
            u1_0.date_derniere_connexion is null 
            or u1_0.date_derniere_connexion<?
        )
2025-12-06T11:02:32.260+01:00  INFO 6936 --- [task-managementV2] [scheduling-1] c.a.t.batch.AccountCleanupBatch          : Batch SQL 1A : terminé : 0 comptes non connecté depuis 90 désactivés.
2025-12-06T11:02:32.263+01:00 DEBUG 6936 --- [task-managementV2] [scheduling-1] org.hibernate.SQL                        : 
    UPDATE
        public.utilisateur 
    SET
        is_account_non_locked = true 
    WHERE
        is_account_non_locked = false 
        AND (
            date_derniere_connexion IS NOT NULL 
            AND (
                CAST(CURRENT_DATE+1 AS DATE) - CAST(date_derniere_connexion AS DATE)
            ) < ?
        )
2025-12-06T11:02:32.270+01:00  INFO 6936 --- [task-managementV2] [scheduling-1] c.a.t.batch.AccountCleanupBatch          : Batch SQL 2A : terminé.
2025-12-06T11:02:32.271+01:00  INFO 6936 --- [task-managementV2] [scheduling-1] c.a.t.batch.AccountCleanupBatch          : ➡ Batch exécuté !
2025-12-06T11:03:32.203+01:00  INFO 6936 --- [task-managementV2] [scheduling-1] c.a.t.batch.AccountCleanupBatch          : ➡ Batch exécuté toutes les X ms (fixedRate) !
2025-12-06T11:03:32.205+01:00 DEBUG 6936 --- [task-managementV2] [scheduling-1] org.hibernate.SQL                        : 
    update
        utilisateur u1_0 
    set
        is_account_non_locked=false 
    where
        u1_0.is_account_non_locked=true 
        and (
            u1_0.date_derniere_connexion is null 
            or u1_0.date_derniere_connexion<?
        )
2025-12-06T11:03:32.207+01:00  INFO 6936 --- [task-managementV2] [scheduling-1] c.a.t.batch.AccountCleanupBatch          : Batch SQL 2A : terminé : 0 comptes non connecté depuis 90 désactivés.
2025-12-06T11:03:32.208+01:00 DEBUG 6936 --- [task-managementV2] [scheduling-1] org.hibernate.SQL                        : 
    UPDATE
        public.utilisateur 
    SET
        is_account_non_locked = false 
    WHERE
        is_account_non_locked = true 
        AND (
            date_derniere_connexion IS NULL 
            OR (
                CAST(CURRENT_DATE+1 AS DATE) - CAST(date_derniere_connexion AS DATE)
            ) >= ?
        )
2025-12-06T11:03:32.210+01:00  INFO 6936 --- [task-managementV2] [scheduling-1] c.a.t.batch.AccountCleanupBatch          : Batch SQL 2D : terminé.
2025-12-06T11:03:32.212+01:00 DEBUG 6936 --- [task-managementV2] [scheduling-1] org.hibernate.SQL                        : 
    update
        utilisateur u1_0 
    set
        is_account_non_locked=false 
    where
        u1_0.is_account_non_locked=true 
        and (
            u1_0.date_derniere_connexion is null 
            or u1_0.date_derniere_connexion<?
        )
2025-12-06T11:03:32.213+01:00  INFO 6936 --- [task-managementV2] [scheduling-1] c.a.t.batch.AccountCleanupBatch          : Batch SQL 1A : terminé : 0 comptes non connecté depuis 90 désactivés.
2025-12-06T11:03:32.214+01:00 DEBUG 6936 --- [task-managementV2] [scheduling-1] org.hibernate.SQL                        : 
    UPDATE
        public.utilisateur 
    SET
        is_account_non_locked = true 
    WHERE
        is_account_non_locked = false 
        AND (
            date_derniere_connexion IS NOT NULL 
            AND (
                CAST(CURRENT_DATE+1 AS DATE) - CAST(date_derniere_connexion AS DATE)
            ) < ?
        )
2025-12-06T11:03:32.217+01:00  INFO 6936 --- [task-managementV2] [scheduling-1] c.a.t.batch.AccountCleanupBatch          : Batch SQL 2A : terminé.
2025-12-06T11:03:32.217+01:00  INFO 6936 --- [task-managementV2] [scheduling-1] c.a.t.batch.AccountCleanupBatch          : ➡ Batch exécuté !
2025-12-06T11:03:32.218+01:00  INFO 6936 --- [task-managementV2] [scheduling-1] c.a.t.batch.AccountCleanupBatch          : ➡ Batch exécuté toutes les X ms (fixedRate) !
2025-12-06T11:03:32.220+01:00 DEBUG 6936 --- [task-managementV2] [scheduling-1] org.hibernate.SQL                        : 
    update
        utilisateur u1_0 
    set
        is_account_non_locked=false 
    where
        u1_0.is_account_non_locked=true 
        and (
            u1_0.date_derniere_connexion is null 
            or u1_0.date_derniere_connexion<?
        )
2025-12-06T11:03:32.221+01:00  INFO 6936 --- [task-managementV2] [scheduling-1] c.a.t.batch.AccountCleanupBatch          : Batch SQL 2A : terminé : 0 comptes non connecté depuis 90 désactivés.
2025-12-06T11:03:32.223+01:00 DEBUG 6936 --- [task-managementV2] [scheduling-1] org.hibernate.SQL                        : 
    UPDATE
        public.utilisateur 
    SET
        is_account_non_locked = false 
    WHERE
        is_account_non_locked = true 
        AND (
            date_derniere_connexion IS NULL 
            OR (
                CAST(CURRENT_DATE+1 AS DATE) - CAST(date_derniere_connexion AS DATE)
            ) >= ?
        )
2025-12-06T11:03:32.224+01:00  INFO 6936 --- [task-managementV2] [scheduling-1] c.a.t.batch.AccountCleanupBatch          : Batch SQL 2D : terminé.
2025-12-06T11:03:32.226+01:00 DEBUG 6936 --- [task-managementV2] [scheduling-1] org.hibernate.SQL                        : 
    update
        utilisateur u1_0 
    set
        is_account_non_locked=false 
    where
        u1_0.is_account_non_locked=true 
        and (
            u1_0.date_derniere_connexion is null 
            or u1_0.date_derniere_connexion<?
        )
2025-12-06T11:03:32.228+01:00  INFO 6936 --- [task-managementV2] [scheduling-1] c.a.t.batch.AccountCleanupBatch          : Batch SQL 1A : terminé : 0 comptes non connecté depuis 90 désactivés.
2025-12-06T11:03:32.229+01:00 DEBUG 6936 --- [task-managementV2] [scheduling-1] org.hibernate.SQL                        : 
    UPDATE
        public.utilisateur 
    SET
        is_account_non_locked = true 
    WHERE
        is_account_non_locked = false 
        AND (
            date_derniere_connexion IS NOT NULL 
            AND (
                CAST(CURRENT_DATE+1 AS DATE) - CAST(date_derniere_connexion AS DATE)
            ) < ?
        )
2025-12-06T11:03:32.230+01:00  INFO 6936 --- [task-managementV2] [scheduling-1] c.a.t.batch.AccountCleanupBatch          : Batch SQL 2A : terminé.
2025-12-06T11:03:32.231+01:00  INFO 6936 --- [task-managementV2] [scheduling-1] c.a.t.batch.AccountCleanupBatch          : ➡ Batch exécuté !
2025-12-06T11:03:40.993+01:00  INFO 6936 --- [task-managementV2] [http-nio-8083-exec-1] o.a.c.c.C.[.[.[/task-managementV2]       : Initializing Spring DispatcherServlet 'dispatcherServlet'
2025-12-06T11:03:40.993+01:00  INFO 6936 --- [task-managementV2] [http-nio-8083-exec-1] o.s.web.servlet.DispatcherServlet        : Initializing Servlet 'dispatcherServlet'
2025-12-06T11:03:40.993+01:00 DEBUG 6936 --- [task-managementV2] [http-nio-8083-exec-1] o.s.web.servlet.DispatcherServlet        : Detected StandardServletMultipartResolver
2025-12-06T11:03:40.994+01:00 DEBUG 6936 --- [task-managementV2] [http-nio-8083-exec-1] o.s.web.servlet.DispatcherServlet        : Detected AcceptHeaderLocaleResolver
2025-12-06T11:03:40.994+01:00 DEBUG 6936 --- [task-managementV2] [http-nio-8083-exec-1] o.s.web.servlet.DispatcherServlet        : Detected FixedThemeResolver
2025-12-06T11:03:40.995+01:00 DEBUG 6936 --- [task-managementV2] [http-nio-8083-exec-1] o.s.web.servlet.DispatcherServlet        : Detected org.springframework.web.servlet.view.DefaultRequestToViewNameTranslator@f00fbc5
2025-12-06T11:03:40.996+01:00 DEBUG 6936 --- [task-managementV2] [http-nio-8083-exec-1] o.s.web.servlet.DispatcherServlet        : Detected org.springframework.web.servlet.support.SessionFlashMapManager@1e502c71
2025-12-06T11:03:40.997+01:00 DEBUG 6936 --- [task-managementV2] [http-nio-8083-exec-1] o.s.web.servlet.DispatcherServlet        : enableLoggingRequestDetails='false': request parameters and headers will be masked to prevent unsafe logging of potentially sensitive data
2025-12-06T11:03:40.997+01:00  INFO 6936 --- [task-managementV2] [http-nio-8083-exec-1] o.s.web.servlet.DispatcherServlet        : Completed initialization in 4 ms
2025-12-06T11:03:41.034+01:00 DEBUG 6936 --- [task-managementV2] [http-nio-8083-exec-1] o.s.security.web.FilterChainProxy        : Securing GET /home-list-users
2025-12-06T11:03:41.054+01:00 DEBUG 6936 --- [task-managementV2] [http-nio-8083-exec-1] o.s.s.w.a.AnonymousAuthenticationFilter  : Set SecurityContextHolder to anonymous SecurityContext
2025-12-06T11:03:41.105+01:00 DEBUG 6936 --- [task-managementV2] [http-nio-8083-exec-1] o.s.s.w.s.HttpSessionRequestCache        : Saved request http://localhost:8083/task-managementV2/home-list-users?continue to session
2025-12-06T11:03:41.106+01:00 DEBUG 6936 --- [task-managementV2] [http-nio-8083-exec-1] o.s.s.web.DefaultRedirectStrategy        : Redirecting to http://localhost:8083/task-managementV2/index-login
2025-12-06T11:03:41.120+01:00 DEBUG 6936 --- [task-managementV2] [http-nio-8083-exec-2] o.s.security.web.FilterChainProxy        : Securing GET /index-login
2025-12-06T11:03:41.121+01:00 DEBUG 6936 --- [task-managementV2] [http-nio-8083-exec-2] o.s.security.web.FilterChainProxy        : Secured GET /index-login
2025-12-06T11:03:41.124+01:00 DEBUG 6936 --- [task-managementV2] [http-nio-8083-exec-2] o.s.web.servlet.DispatcherServlet        : GET "/task-managementV2/index-login", parameters={}
2025-12-06T11:03:41.126+01:00 DEBUG 6936 --- [task-managementV2] [http-nio-8083-exec-2] s.w.s.m.m.a.RequestMappingHandlerMapping : Mapped to com.adacorp.task_managementV2.controller.HomeController#indexLogin(Model)
2025-12-06T11:03:41.162+01:00 DEBUG 6936 --- [task-managementV2] [http-nio-8083-exec-2] o.s.w.s.v.ContentNegotiatingViewResolver : Selected 'text/html' given [text/html, application/xhtml+xml, application/xml;q=0.9, */*;q=0.8]
2025-12-06T11:03:41.917+01:00 DEBUG 6936 --- [task-managementV2] [http-nio-8083-exec-2] o.s.web.servlet.DispatcherServlet        : Completed 200 OK
2025-12-06T11:03:41.918+01:00 DEBUG 6936 --- [task-managementV2] [http-nio-8083-exec-2] o.s.s.w.a.AnonymousAuthenticationFilter  : Set SecurityContextHolder to anonymous SecurityContext
2025-12-06T11:03:42.005+01:00 DEBUG 6936 --- [task-managementV2] [http-nio-8083-exec-3] o.s.security.web.FilterChainProxy        : Securing GET /css/styles.css
2025-12-06T11:03:42.025+01:00 DEBUG 6936 --- [task-managementV2] [http-nio-8083-exec-3] o.s.security.web.FilterChainProxy        : Secured GET /css/styles.css
2025-12-06T11:03:42.025+01:00 DEBUG 6936 --- [task-managementV2] [http-nio-8083-exec-3] o.s.web.servlet.DispatcherServlet        : GET "/task-managementV2/css/styles.css", parameters={}
2025-12-06T11:03:42.029+01:00 DEBUG 6936 --- [task-managementV2] [http-nio-8083-exec-3] o.s.w.s.handler.SimpleUrlHandlerMapping  : Mapped to ResourceHttpRequestHandler [classpath [META-INF/resources/], classpath [resources/], classpath [static/], classpath [public/], ServletContext [/]]
2025-12-06T11:03:42.061+01:00 DEBUG 6936 --- [task-managementV2] [http-nio-8083-exec-3] o.s.web.servlet.DispatcherServlet        : Completed 200 OK
2025-12-06T11:03:42.062+01:00 DEBUG 6936 --- [task-managementV2] [http-nio-8083-exec-3] o.s.s.w.a.AnonymousAuthenticationFilter  : Set SecurityContextHolder to anonymous SecurityContext
2025-12-06T11:03:50.573+01:00 DEBUG 6936 --- [task-managementV2] [http-nio-8083-exec-7] o.s.security.web.FilterChainProxy        : Securing POST /login
2025-12-06T11:03:50.802+01:00 DEBUG 6936 --- [task-managementV2] [http-nio-8083-exec-7] org.hibernate.SQL                        : 
    select
        * 
    FROM
        utilisateur u 
    WHERE
        u.email = ? 
2025-12-06T11:03:50.879+01:00 DEBUG 6936 --- [task-managementV2] [http-nio-8083-exec-7] org.hibernate.SQL                        : 
    select
        r1_0.id,
        r1_0.code,
        r1_0.creation_date,
        r1_0.last_modified_date,
        r1_0.libelle 
    from
        role r1_0 
    where
        r1_0.id=?
2025-12-06T11:03:50.919+01:00 DEBUG 6936 --- [task-managementV2] [http-nio-8083-exec-7] org.hibernate.SQL                        : 
    select
        u1_0.id,
        u1_0.creation_date,
        u1_0.date_derniere_connexion,
        u1_0.last_modified_date,
        u1_0.email,
        u1_0.first_name,
        u1_0.is_account_non_locked,
        u1_0.last_name,
        u1_0.password,
        r1_0.id,
        r1_0.code,
        r1_0.creation_date,
        r1_0.last_modified_date,
        r1_0.libelle,
        u1_0.sexe,
        u1_0.telephone 
    from
        utilisateur u1_0 
    left join
        role r1_0 
            on r1_0.id=u1_0.role_id 
    where
        u1_0.id=?
2025-12-06T11:03:50.989+01:00 DEBUG 6936 --- [task-managementV2] [http-nio-8083-exec-7] org.hibernate.SQL                        : 
    update
        utilisateur 
    set
        date_derniere_connexion=?,
        last_modified_date=?,
        email=?,
        first_name=?,
        is_account_non_locked=?,
        last_name=?,
        password=?,
        role_id=?,
        sexe=?,
        telephone=? 
    where
        id=?
2025-12-06T11:03:51.005+01:00  INFO 6936 --- [task-managementV2] [http-nio-8083-exec-7] c.a.t.security.CustomUserDetailsService  : Appelle de la Classe CustomUserDetailsService implements UserDetailsService  Chargement de la méthode public UserDetails loadUserByUsername  Email = admin@admin.com 
2025-12-06T11:03:51.005+01:00  INFO 6936 --- [task-managementV2] [http-nio-8083-exec-7] c.a.t.security.CustomUserDetailsService  :  utilisateur.fistName & utilisateur.lastName = Root Administrator 
2025-12-06T11:03:51.005+01:00  INFO 6936 --- [task-managementV2] [http-nio-8083-exec-7] c.a.t.security.CustomUserDetailsService  :  utilisateur.telephone = 696237913 
2025-12-06T11:03:51.005+01:00  INFO 6936 --- [task-managementV2] [http-nio-8083-exec-7] c.a.t.security.CustomUserDetailsService  :  utilisateur.email = admin@admin.com 
2025-12-06T11:03:51.006+01:00  INFO 6936 --- [task-managementV2] [http-nio-8083-exec-7] c.a.t.security.CustomUserDetailsService  :  utilisateur.password = $2a$10$UPykyL1bu5k.RgUA1HQ08ukS66R4ewF2EQNPq4PINW2ohCsq7n.XC 
2025-12-06T11:03:51.006+01:00  INFO 6936 --- [task-managementV2] [http-nio-8083-exec-7] c.a.t.security.CustomUserDetailsService  :  utilisateur.dateDerniereConnexionString = 2025-12-06 11:03:50.903 
2025-12-06T11:03:51.006+01:00  INFO 6936 --- [task-managementV2] [http-nio-8083-exec-7] c.a.t.security.CustomUserDetailsService  :  utilisateur.dateDerniereConnexionDateEntity = Sat Dec 06 11:03:50 WAT 2025 
2025-12-06T11:03:51.006+01:00  INFO 6936 --- [task-managementV2] [http-nio-8083-exec-7] c.a.t.security.CustomUserDetailsService  :  utilisateur.dateDerniereConnexionDateObject = Sat Dec 06 11:03:50 WAT 2025 
2025-12-06T11:03:51.006+01:00  INFO 6936 --- [task-managementV2] [http-nio-8083-exec-7] c.a.t.security.CustomUserDetailsService  :  FIN ET ENVOIE DE L'OBJET Utilisateur à la Classe CustomUserDetails
2025-12-06T11:03:51.263+01:00 DEBUG 6936 --- [task-managementV2] [http-nio-8083-exec-7] o.s.s.a.dao.DaoAuthenticationProvider    : Authenticated user
2025-12-06T11:03:51.265+01:00 DEBUG 6936 --- [task-managementV2] [http-nio-8083-exec-7] .s.ChangeSessionIdAuthenticationStrategy : Changed session id from D02461422126761820D95C59277CE357
2025-12-06T11:03:51.266+01:00 DEBUG 6936 --- [task-managementV2] [http-nio-8083-exec-7] o.s.s.w.csrf.CsrfAuthenticationStrategy  : Replaced CSRF Token
2025-12-06T11:03:51.267+01:00 DEBUG 6936 --- [task-managementV2] [http-nio-8083-exec-7] w.c.HttpSessionSecurityContextRepository : Stored SecurityContextImpl [Authentication=UsernamePasswordAuthenticationToken [Principal=com.adacorp.task_managementV2.security.CustomerUserDetails@143b535, Credentials=[PROTECTED], Authenticated=true, Details=WebAuthenticationDetails [RemoteIpAddress=127.0.0.1, SessionId=D02461422126761820D95C59277CE357], Granted Authorities=[ADMIN]]] to HttpSession [org.apache.catalina.session.StandardSessionFacade@504e0b4e]
2025-12-06T11:03:51.267+01:00 DEBUG 6936 --- [task-managementV2] [http-nio-8083-exec-7] w.a.UsernamePasswordAuthenticationFilter : Set SecurityContextHolder to UsernamePasswordAuthenticationToken [Principal=com.adacorp.task_managementV2.security.CustomerUserDetails@143b535, Credentials=[PROTECTED], Authenticated=true, Details=WebAuthenticationDetails [RemoteIpAddress=127.0.0.1, SessionId=D02461422126761820D95C59277CE357], Granted Authorities=[ADMIN]]
2025-12-06T11:03:51.268+01:00 DEBUG 6936 --- [task-managementV2] [http-nio-8083-exec-7] o.s.s.web.DefaultRedirectStrategy        : Redirecting to http://localhost:8083/task-managementV2/home-list-users?continue
2025-12-06T11:03:51.273+01:00 DEBUG 6936 --- [task-managementV2] [http-nio-8083-exec-8] o.s.security.web.FilterChainProxy        : Securing GET /home-list-users?continue
2025-12-06T11:03:51.299+01:00 DEBUG 6936 --- [task-managementV2] [http-nio-8083-exec-8] o.s.s.w.s.HttpSessionRequestCache        : Loaded matching saved request http://localhost:8083/task-managementV2/home-list-users?continue
2025-12-06T11:03:51.302+01:00 DEBUG 6936 --- [task-managementV2] [http-nio-8083-exec-8] w.c.HttpSessionSecurityContextRepository : Retrieved SecurityContextImpl [Authentication=UsernamePasswordAuthenticationToken [Principal=com.adacorp.task_managementV2.security.CustomerUserDetails@143b535, Credentials=[PROTECTED], Authenticated=true, Details=WebAuthenticationDetails [RemoteIpAddress=127.0.0.1, SessionId=D02461422126761820D95C59277CE357], Granted Authorities=[ADMIN]]]
2025-12-06T11:03:51.302+01:00 DEBUG 6936 --- [task-managementV2] [http-nio-8083-exec-8] o.s.security.web.FilterChainProxy        : Secured GET /home-list-users?continue
2025-12-06T11:03:51.303+01:00 DEBUG 6936 --- [task-managementV2] [http-nio-8083-exec-8] o.s.web.servlet.DispatcherServlet        : GET "/task-managementV2/home-list-users?continue", parameters={masked}
2025-12-06T11:03:51.303+01:00 DEBUG 6936 --- [task-managementV2] [http-nio-8083-exec-8] s.w.s.m.m.a.RequestMappingHandlerMapping : Mapped to com.adacorp.task_managementV2.controller.UserController#listUsers(Model, Principal)
2025-12-06T11:03:51.361+01:00 DEBUG 6936 --- [task-managementV2] [http-nio-8083-exec-8] org.hibernate.SQL                        : 
    select
        u1_0.id,
        u1_0.creation_date,
        u1_0.date_derniere_connexion,
        u1_0.last_modified_date,
        u1_0.email,
        u1_0.first_name,
        u1_0.is_account_non_locked,
        u1_0.last_name,
        u1_0.password,
        u1_0.role_id,
        u1_0.sexe,
        u1_0.telephone 
    from
        utilisateur u1_0
2025-12-06T11:03:51.363+01:00 DEBUG 6936 --- [task-managementV2] [http-nio-8083-exec-8] org.hibernate.SQL                        : 
    select
        r1_0.id,
        r1_0.code,
        r1_0.creation_date,
        r1_0.last_modified_date,
        r1_0.libelle 
    from
        role r1_0 
    where
        r1_0.id=?
2025-12-06T11:03:51.367+01:00 DEBUG 6936 --- [task-managementV2] [http-nio-8083-exec-8] org.hibernate.SQL                        : 
    select
        r1_0.id,
        r1_0.code,
        r1_0.creation_date,
        r1_0.last_modified_date,
        r1_0.libelle 
    from
        role r1_0 
    where
        r1_0.id=?
2025-12-06T11:03:51.369+01:00 DEBUG 6936 --- [task-managementV2] [http-nio-8083-exec-8] org.hibernate.SQL                        : 
    select
        r1_0.id,
        r1_0.code,
        r1_0.creation_date,
        r1_0.last_modified_date,
        r1_0.libelle 
    from
        role r1_0 
    where
        r1_0.id=?
2025-12-06T11:03:51.372+01:00 DEBUG 6936 --- [task-managementV2] [http-nio-8083-exec-8] org.hibernate.SQL                        : 
    select
        * 
    FROM
        utilisateur u 
    WHERE
        u.email = ? 
2025-12-06T11:03:51.387+01:00 DEBUG 6936 --- [task-managementV2] [http-nio-8083-exec-8] o.s.w.s.v.ContentNegotiatingViewResolver : Selected 'text/html' given [text/html, application/xhtml+xml, application/xml;q=0.9, */*;q=0.8]
2025-12-06T11:03:51.390+01:00  WARN 6936 --- [task-managementV2] [http-nio-8083-exec-8] actStandardFragmentInsertionTagProcessor : [THYMELEAF][http-nio-8083-exec-8][views/user-list] Deprecated unwrapped fragment expression "fragments/header :: headerFragment" found in template views/user-list, line 5, col 7. Please use the complete syntax of fragment expressions instead ("~{fragments/header :: headerFragment}"). The old, unwrapped syntax for fragment expressions will be removed in future versions of Thymeleaf.
2025-12-06T11:03:51.409+01:00  WARN 6936 --- [task-managementV2] [http-nio-8083-exec-8] actStandardFragmentInsertionTagProcessor : [THYMELEAF][http-nio-8083-exec-8][views/user-list] Deprecated unwrapped fragment expression "fragments/nav_horizontale_content :: nav_horizontale_content_fragment" found in template views/user-list, line 10, col 6. Please use the complete syntax of fragment expressions instead ("~{fragments/nav_horizontale_content :: nav_horizontale_content_fragment}"). The old, unwrapped syntax for fragment expressions will be removed in future versions of Thymeleaf.
2025-12-06T11:03:51.441+01:00  WARN 6936 --- [task-managementV2] [http-nio-8083-exec-8] actStandardFragmentInsertionTagProcessor : [THYMELEAF][http-nio-8083-exec-8][views/user-list] Deprecated unwrapped fragment expression "fragments/nav_verticale_content :: nav_verticale_content_fragment" found in template views/user-list, line 15, col 10. Please use the complete syntax of fragment expressions instead ("~{fragments/nav_verticale_content :: nav_verticale_content_fragment}"). The old, unwrapped syntax for fragment expressions will be removed in future versions of Thymeleaf.
2025-12-06T11:03:51.528+01:00 DEBUG 6936 --- [task-managementV2] [http-nio-8083-exec-9] o.s.security.web.FilterChainProxy        : Securing GET /css/styles.css
2025-12-06T11:03:51.529+01:00 DEBUG 6936 --- [task-managementV2] [http-nio-8083-exec-9] o.s.security.web.FilterChainProxy        : Secured GET /css/styles.css
2025-12-06T11:03:51.529+01:00 DEBUG 6936 --- [task-managementV2] [http-nio-8083-exec-9] o.s.web.servlet.DispatcherServlet        : GET "/task-managementV2/css/styles.css", parameters={}
2025-12-06T11:03:51.535+01:00 DEBUG 6936 --- [task-managementV2] [http-nio-8083-exec-9] o.s.w.s.handler.SimpleUrlHandlerMapping  : Mapped to ResourceHttpRequestHandler [classpath [META-INF/resources/], classpath [resources/], classpath [static/], classpath [public/], ServletContext [/]]
2025-12-06T11:03:51.539+01:00 DEBUG 6936 --- [task-managementV2] [http-nio-8083-exec-10] o.s.security.web.FilterChainProxy        : Securing GET /css/style.min.css
2025-12-06T11:03:51.540+01:00 DEBUG 6936 --- [task-managementV2] [http-nio-8083-exec-10] o.s.security.web.FilterChainProxy        : Secured GET /css/style.min.css
2025-12-06T11:03:51.540+01:00 DEBUG 6936 --- [task-managementV2] [http-nio-8083-exec-10] o.s.web.servlet.DispatcherServlet        : GET "/task-managementV2/css/style.min.css", parameters={}
2025-12-06T11:03:51.541+01:00 DEBUG 6936 --- [task-managementV2] [http-nio-8083-exec-10] o.s.w.s.handler.SimpleUrlHandlerMapping  : Mapped to ResourceHttpRequestHandler [classpath [META-INF/resources/], classpath [resources/], classpath [static/], classpath [public/], ServletContext [/]]
2025-12-06T11:03:51.550+01:00 DEBUG 6936 --- [task-managementV2] [http-nio-8083-exec-9] o.s.web.servlet.DispatcherServlet        : Completed 200 OK
2025-12-06T11:03:51.551+01:00 DEBUG 6936 --- [task-managementV2] [http-nio-8083-exec-9] w.c.HttpSessionSecurityContextRepository : Retrieved SecurityContextImpl [Authentication=UsernamePasswordAuthenticationToken [Principal=com.adacorp.task_managementV2.security.CustomerUserDetails@143b535, Credentials=[PROTECTED], Authenticated=true, Details=WebAuthenticationDetails [RemoteIpAddress=127.0.0.1, SessionId=D02461422126761820D95C59277CE357], Granted Authorities=[ADMIN]]]
2025-12-06T11:03:51.554+01:00 DEBUG 6936 --- [task-managementV2] [http-nio-8083-exec-10] o.s.web.servlet.DispatcherServlet        : Completed 200 OK
2025-12-06T11:03:51.555+01:00 DEBUG 6936 --- [task-managementV2] [http-nio-8083-exec-10] w.c.HttpSessionSecurityContextRepository : Retrieved SecurityContextImpl [Authentication=UsernamePasswordAuthenticationToken [Principal=com.adacorp.task_managementV2.security.CustomerUserDetails@143b535, Credentials=[PROTECTED], Authenticated=true, Details=WebAuthenticationDetails [RemoteIpAddress=127.0.0.1, SessionId=D02461422126761820D95C59277CE357], Granted Authorities=[ADMIN]]]
2025-12-06T11:03:51.487+01:00 ERROR 6936 --- [task-managementV2] [http-nio-8083-exec-8] org.thymeleaf.TemplateEngine             : [THYMELEAF][http-nio-8083-exec-8] Exception processing template "views/user-list": An error happened during template parsing (template: "class path resource [templates/views/user-list.html]")

org.thymeleaf.exceptions.TemplateInputException: An error happened during template parsing (template: "class path resource [templates/views/user-list.html]")
	at org.thymeleaf.templateparser.markup.AbstractMarkupTemplateParser.parse(AbstractMarkupTemplateParser.java:241) ~[thymeleaf-3.1.3.RELEASE.jar:3.1.3.RELEASE]
	at org.thymeleaf.templateparser.markup.AbstractMarkupTemplateParser.parseStandalone(AbstractMarkupTemplateParser.java:100) ~[thymeleaf-3.1.3.RELEASE.jar:3.1.3.RELEASE]
	at org.thymeleaf.engine.TemplateManager.parseAndProcess(TemplateManager.java:666) ~[thymeleaf-3.1.3.RELEASE.jar:3.1.3.RELEASE]
	at org.thymeleaf.TemplateEngine.process(TemplateEngine.java:1103) ~[thymeleaf-3.1.3.RELEASE.jar:3.1.3.RELEASE]
	at org.thymeleaf.TemplateEngine.process(TemplateEngine.java:1077) ~[thymeleaf-3.1.3.RELEASE.jar:3.1.3.RELEASE]
	at org.thymeleaf.spring6.view.ThymeleafView.renderFragment(ThymeleafView.java:372) ~[thymeleaf-spring6-3.1.3.RELEASE.jar:3.1.3.RELEASE]
	at org.thymeleaf.spring6.view.ThymeleafView.render(ThymeleafView.java:192) ~[thymeleaf-spring6-3.1.3.RELEASE.jar:3.1.3.RELEASE]
	at org.springframework.web.servlet.DispatcherServlet.render(DispatcherServlet.java:1437) ~[spring-webmvc-6.2.8.jar:6.2.8]
	at org.springframework.web.servlet.DispatcherServlet.processDispatchResult(DispatcherServlet.java:1168) ~[spring-webmvc-6.2.8.jar:6.2.8]
	at org.springframework.web.servlet.DispatcherServlet.doDispatch(DispatcherServlet.java:1106) ~[spring-webmvc-6.2.8.jar:6.2.8]
	at org.springframework.web.servlet.DispatcherServlet.doService(DispatcherServlet.java:979) ~[spring-webmvc-6.2.8.jar:6.2.8]
	at org.springframework.web.servlet.FrameworkServlet.processRequest(FrameworkServlet.java:1014) ~[spring-webmvc-6.2.8.jar:6.2.8]
	at org.springframework.web.servlet.FrameworkServlet.doGet(FrameworkServlet.java:903) ~[spring-webmvc-6.2.8.jar:6.2.8]
	at jakarta.servlet.http.HttpServlet.service(HttpServlet.java:564) ~[tomcat-embed-core-10.1.42.jar:6.0]
	at org.springframework.web.servlet.FrameworkServlet.service(FrameworkServlet.java:885) ~[spring-webmvc-6.2.8.jar:6.2.8]
	at jakarta.servlet.http.HttpServlet.service(HttpServlet.java:658) ~[tomcat-embed-core-10.1.42.jar:6.0]
	at org.apache.catalina.core.ApplicationFilterChain.internalDoFilter(ApplicationFilterChain.java:195) ~[tomcat-embed-core-10.1.42.jar:10.1.42]
	at org.apache.catalina.core.ApplicationFilterChain.doFilter(ApplicationFilterChain.java:140) ~[tomcat-embed-core-10.1.42.jar:10.1.42]
	at org.apache.tomcat.websocket.server.WsFilter.doFilter(WsFilter.java:51) ~[tomcat-embed-websocket-10.1.42.jar:10.1.42]
	at org.apache.catalina.core.ApplicationFilterChain.internalDoFilter(ApplicationFilterChain.java:164) ~[tomcat-embed-core-10.1.42.jar:10.1.42]
	at org.apache.catalina.core.ApplicationFilterChain.doFilter(ApplicationFilterChain.java:140) ~[tomcat-embed-core-10.1.42.jar:10.1.42]
	at org.springframework.web.filter.CompositeFilter$VirtualFilterChain.doFilter(CompositeFilter.java:108) ~[spring-web-6.2.8.jar:6.2.8]
	at org.springframework.web.filter.CompositeFilter$VirtualFilterChain.doFilter(CompositeFilter.java:108) ~[spring-web-6.2.8.jar:6.2.8]
	at org.springframework.security.web.FilterChainProxy.lambda$doFilterInternal$3(FilterChainProxy.java:231) ~[spring-security-web-6.5.1.jar:6.5.1]
	at org.springframework.security.web.FilterChainProxy$VirtualFilterChain.doFilter(FilterChainProxy.java:365) ~[spring-security-web-6.5.1.jar:6.5.1]
	at org.springframework.security.web.access.intercept.AuthorizationFilter.doFilter(AuthorizationFilter.java:101) ~[spring-security-web-6.5.1.jar:6.5.1]
	at org.springframework.security.web.FilterChainProxy$VirtualFilterChain.doFilter(FilterChainProxy.java:374) ~[spring-security-web-6.5.1.jar:6.5.1]
	at org.springframework.security.web.access.ExceptionTranslationFilter.doFilter(ExceptionTranslationFilter.java:125) ~[spring-security-web-6.5.1.jar:6.5.1]
	at org.springframework.security.web.access.ExceptionTranslationFilter.doFilter(ExceptionTranslationFilter.java:119) ~[spring-security-web-6.5.1.jar:6.5.1]
	at org.springframework.security.web.FilterChainProxy$VirtualFilterChain.doFilter(FilterChainProxy.java:374) ~[spring-security-web-6.5.1.jar:6.5.1]
	at org.springframework.security.web.authentication.AnonymousAuthenticationFilter.doFilter(AnonymousAuthenticationFilter.java:100) ~[spring-security-web-6.5.1.jar:6.5.1]
	at org.springframework.security.web.FilterChainProxy$VirtualFilterChain.doFilter(FilterChainProxy.java:374) ~[spring-security-web-6.5.1.jar:6.5.1]
	at org.springframework.security.web.servletapi.SecurityContextHolderAwareRequestFilter.doFilter(SecurityContextHolderAwareRequestFilter.java:179) ~[spring-security-web-6.5.1.jar:6.5.1]
	at org.springframework.security.web.FilterChainProxy$VirtualFilterChain.doFilter(FilterChainProxy.java:374) ~[spring-security-web-6.5.1.jar:6.5.1]
	at org.springframework.security.web.savedrequest.RequestCacheAwareFilter.doFilter(RequestCacheAwareFilter.java:63) ~[spring-security-web-6.5.1.jar:6.5.1]
	at org.springframework.security.web.FilterChainProxy$VirtualFilterChain.doFilter(FilterChainProxy.java:374) ~[spring-security-web-6.5.1.jar:6.5.1]
	at org.springframework.security.web.authentication.AbstractAuthenticationProcessingFilter.doFilter(AbstractAuthenticationProcessingFilter.java:235) ~[spring-security-web-6.5.1.jar:6.5.1]
	at org.springframework.security.web.authentication.AbstractAuthenticationProcessingFilter.doFilter(AbstractAuthenticationProcessingFilter.java:229) ~[spring-security-web-6.5.1.jar:6.5.1]
	at org.springframework.security.web.FilterChainProxy$VirtualFilterChain.doFilter(FilterChainProxy.java:374) ~[spring-security-web-6.5.1.jar:6.5.1]
	at org.springframework.security.web.authentication.logout.LogoutFilter.doFilter(LogoutFilter.java:107) ~[spring-security-web-6.5.1.jar:6.5.1]
	at org.springframework.security.web.authentication.logout.LogoutFilter.doFilter(LogoutFilter.java:93) ~[spring-security-web-6.5.1.jar:6.5.1]
	at org.springframework.security.web.FilterChainProxy$VirtualFilterChain.doFilter(FilterChainProxy.java:374) ~[spring-security-web-6.5.1.jar:6.5.1]
	at org.springframework.security.web.csrf.CsrfFilter.doFilterInternal(CsrfFilter.java:117) ~[spring-security-web-6.5.1.jar:6.5.1]
	at org.springframework.web.filter.OncePerRequestFilter.doFilter(OncePerRequestFilter.java:116) ~[spring-web-6.2.8.jar:6.2.8]
	at org.springframework.security.web.FilterChainProxy$VirtualFilterChain.doFilter(FilterChainProxy.java:374) ~[spring-security-web-6.5.1.jar:6.5.1]
	at org.springframework.security.web.header.HeaderWriterFilter.doHeadersAfter(HeaderWriterFilter.java:90) ~[spring-security-web-6.5.1.jar:6.5.1]
	at org.springframework.security.web.header.HeaderWriterFilter.doFilterInternal(HeaderWriterFilter.java:75) ~[spring-security-web-6.5.1.jar:6.5.1]
	at org.springframework.web.filter.OncePerRequestFilter.doFilter(OncePerRequestFilter.java:116) ~[spring-web-6.2.8.jar:6.2.8]
	at org.springframework.security.web.FilterChainProxy$VirtualFilterChain.doFilter(FilterChainProxy.java:374) ~[spring-security-web-6.5.1.jar:6.5.1]
	at org.springframework.security.web.context.SecurityContextHolderFilter.doFilter(SecurityContextHolderFilter.java:82) ~[spring-security-web-6.5.1.jar:6.5.1]
	at org.springframework.security.web.context.SecurityContextHolderFilter.doFilter(SecurityContextHolderFilter.java:69) ~[spring-security-web-6.5.1.jar:6.5.1]
	at org.springframework.security.web.FilterChainProxy$VirtualFilterChain.doFilter(FilterChainProxy.java:374) ~[spring-security-web-6.5.1.jar:6.5.1]
	at org.springframework.security.web.context.request.async.WebAsyncManagerIntegrationFilter.doFilterInternal(WebAsyncManagerIntegrationFilter.java:62) ~[spring-security-web-6.5.1.jar:6.5.1]
	at org.springframework.web.filter.OncePerRequestFilter.doFilter(OncePerRequestFilter.java:116) ~[spring-web-6.2.8.jar:6.2.8]
	at org.springframework.security.web.FilterChainProxy$VirtualFilterChain.doFilter(FilterChainProxy.java:374) ~[spring-security-web-6.5.1.jar:6.5.1]
	at org.springframework.security.web.session.DisableEncodeUrlFilter.doFilterInternal(DisableEncodeUrlFilter.java:42) ~[spring-security-web-6.5.1.jar:6.5.1]
	at org.springframework.web.filter.OncePerRequestFilter.doFilter(OncePerRequestFilter.java:116) ~[spring-web-6.2.8.jar:6.2.8]
	at org.springframework.security.web.FilterChainProxy$VirtualFilterChain.doFilter(FilterChainProxy.java:374) ~[spring-security-web-6.5.1.jar:6.5.1]
	at org.springframework.security.web.FilterChainProxy.doFilterInternal(FilterChainProxy.java:233) ~[spring-security-web-6.5.1.jar:6.5.1]
	at org.springframework.security.web.FilterChainProxy.doFilter(FilterChainProxy.java:191) ~[spring-security-web-6.5.1.jar:6.5.1]
	at org.springframework.web.filter.CompositeFilter$VirtualFilterChain.doFilter(CompositeFilter.java:113) ~[spring-web-6.2.8.jar:6.2.8]
	at org.springframework.web.filter.ServletRequestPathFilter.doFilter(ServletRequestPathFilter.java:52) ~[spring-web-6.2.8.jar:6.2.8]
	at org.springframework.web.filter.CompositeFilter$VirtualFilterChain.doFilter(CompositeFilter.java:113) ~[spring-web-6.2.8.jar:6.2.8]
	at org.springframework.web.filter.CompositeFilter.doFilter(CompositeFilter.java:74) ~[spring-web-6.2.8.jar:6.2.8]
	at org.springframework.security.config.annotation.web.configuration.WebSecurityConfiguration$CompositeFilterChainProxy.doFilter(WebSecurityConfiguration.java:319) ~[spring-security-config-6.5.1.jar:6.5.1]
	at org.springframework.web.filter.CompositeFilter$VirtualFilterChain.doFilter(CompositeFilter.java:113) ~[spring-web-6.2.8.jar:6.2.8]
	at org.springframework.web.servlet.handler.HandlerMappingIntrospector.lambda$createCacheFilter$4(HandlerMappingIntrospector.java:267) ~[spring-webmvc-6.2.8.jar:6.2.8]
	at org.springframework.web.filter.CompositeFilter$VirtualFilterChain.doFilter(CompositeFilter.java:113) ~[spring-web-6.2.8.jar:6.2.8]
	at org.springframework.web.filter.CompositeFilter.doFilter(CompositeFilter.java:74) ~[spring-web-6.2.8.jar:6.2.8]
	at org.springframework.security.config.annotation.web.configuration.WebMvcSecurityConfiguration$CompositeFilterChainProxy.doFilter(WebMvcSecurityConfiguration.java:240) ~[spring-security-config-6.5.1.jar:6.5.1]
	at org.springframework.web.filter.DelegatingFilterProxy.invokeDelegate(DelegatingFilterProxy.java:362) ~[spring-web-6.2.8.jar:6.2.8]
	at org.springframework.web.filter.DelegatingFilterProxy.doFilter(DelegatingFilterProxy.java:278) ~[spring-web-6.2.8.jar:6.2.8]
	at org.apache.catalina.core.ApplicationFilterChain.internalDoFilter(ApplicationFilterChain.java:164) ~[tomcat-embed-core-10.1.42.jar:10.1.42]
	at org.apache.catalina.core.ApplicationFilterChain.doFilter(ApplicationFilterChain.java:140) ~[tomcat-embed-core-10.1.42.jar:10.1.42]
	at org.springframework.web.filter.RequestContextFilter.doFilterInternal(RequestContextFilter.java:100) ~[spring-web-6.2.8.jar:6.2.8]
	at org.springframework.web.filter.OncePerRequestFilter.doFilter(OncePerRequestFilter.java:116) ~[spring-web-6.2.8.jar:6.2.8]
	at org.apache.catalina.core.ApplicationFilterChain.internalDoFilter(ApplicationFilterChain.java:164) ~[tomcat-embed-core-10.1.42.jar:10.1.42]
	at org.apache.catalina.core.ApplicationFilterChain.doFilter(ApplicationFilterChain.java:140) ~[tomcat-embed-core-10.1.42.jar:10.1.42]
	at org.springframework.web.filter.FormContentFilter.doFilterInternal(FormContentFilter.java:93) ~[spring-web-6.2.8.jar:6.2.8]
	at org.springframework.web.filter.OncePerRequestFilter.doFilter(OncePerRequestFilter.java:116) ~[spring-web-6.2.8.jar:6.2.8]
	at org.apache.catalina.core.ApplicationFilterChain.internalDoFilter(ApplicationFilterChain.java:164) ~[tomcat-embed-core-10.1.42.jar:10.1.42]
	at org.apache.catalina.core.ApplicationFilterChain.doFilter(ApplicationFilterChain.java:140) ~[tomcat-embed-core-10.1.42.jar:10.1.42]
	at org.springframework.web.filter.CharacterEncodingFilter.doFilterInternal(CharacterEncodingFilter.java:201) ~[spring-web-6.2.8.jar:6.2.8]
	at org.springframework.web.filter.OncePerRequestFilter.doFilter(OncePerRequestFilter.java:116) ~[spring-web-6.2.8.jar:6.2.8]
	at org.apache.catalina.core.ApplicationFilterChain.internalDoFilter(ApplicationFilterChain.java:164) ~[tomcat-embed-core-10.1.42.jar:10.1.42]
	at org.apache.catalina.core.ApplicationFilterChain.doFilter(ApplicationFilterChain.java:140) ~[tomcat-embed-core-10.1.42.jar:10.1.42]
	at org.apache.catalina.core.StandardWrapperValve.invoke(StandardWrapperValve.java:167) ~[tomcat-embed-core-10.1.42.jar:10.1.42]
	at org.apache.catalina.core.StandardContextValve.invoke(StandardContextValve.java:90) ~[tomcat-embed-core-10.1.42.jar:10.1.42]
	at org.apache.catalina.authenticator.AuthenticatorBase.invoke(AuthenticatorBase.java:483) ~[tomcat-embed-core-10.1.42.jar:10.1.42]
	at org.apache.catalina.core.StandardHostValve.invoke(StandardHostValve.java:116) ~[tomcat-embed-core-10.1.42.jar:10.1.42]
	at org.apache.catalina.valves.ErrorReportValve.invoke(ErrorReportValve.java:93) ~[tomcat-embed-core-10.1.42.jar:10.1.42]
	at org.apache.catalina.core.StandardEngineValve.invoke(StandardEngineValve.java:74) ~[tomcat-embed-core-10.1.42.jar:10.1.42]
	at org.apache.catalina.connector.CoyoteAdapter.service(CoyoteAdapter.java:344) ~[tomcat-embed-core-10.1.42.jar:10.1.42]
	at org.apache.coyote.http11.Http11Processor.service(Http11Processor.java:398) ~[tomcat-embed-core-10.1.42.jar:10.1.42]
	at org.apache.coyote.AbstractProcessorLight.process(AbstractProcessorLight.java:63) ~[tomcat-embed-core-10.1.42.jar:10.1.42]
	at org.apache.coyote.AbstractProtocol$ConnectionHandler.process(AbstractProtocol.java:903) ~[tomcat-embed-core-10.1.42.jar:10.1.42]
	at org.apache.tomcat.util.net.NioEndpoint$SocketProcessor.doRun(NioEndpoint.java:1769) ~[tomcat-embed-core-10.1.42.jar:10.1.42]
	at org.apache.tomcat.util.net.SocketProcessorBase.run(SocketProcessorBase.java:52) ~[tomcat-embed-core-10.1.42.jar:10.1.42]
	at org.apache.tomcat.util.threads.ThreadPoolExecutor.runWorker(ThreadPoolExecutor.java:1189) ~[tomcat-embed-core-10.1.42.jar:10.1.42]
	at org.apache.tomcat.util.threads.ThreadPoolExecutor$Worker.run(ThreadPoolExecutor.java:658) ~[tomcat-embed-core-10.1.42.jar:10.1.42]
	at org.apache.tomcat.util.threads.TaskThread$WrappingRunnable.run(TaskThread.java:63) ~[tomcat-embed-core-10.1.42.jar:10.1.42]
	at java.base/java.lang.Thread.run(Thread.java:842) ~[na:na]
Caused by: org.attoparser.ParseException: Exception evaluating SpringEL expression: "session.connectedUserDB.email + '<hr/> ' + #dates.format(session.connectedUserDB.dateDerniereConnexion, 'dd/MM/yyyy') + '<hr/> ' + session.connectedUserHostName" (template: "fragments/nav_verticale_content" - line 163, col 86)
	at org.attoparser.MarkupParser.parseDocument(MarkupParser.java:393) ~[attoparser-2.0.7.RELEASE.jar:2.0.7.RELEASE]
	at org.attoparser.MarkupParser.parse(MarkupParser.java:257) ~[attoparser-2.0.7.RELEASE.jar:2.0.7.RELEASE]
	at org.thymeleaf.templateparser.markup.AbstractMarkupTemplateParser.parse(AbstractMarkupTemplateParser.java:230) ~[thymeleaf-3.1.3.RELEASE.jar:3.1.3.RELEASE]
	... 101 common frames omitted
Caused by: org.thymeleaf.exceptions.TemplateProcessingException: Exception evaluating SpringEL expression: "session.connectedUserDB.email + '<hr/> ' + #dates.format(session.connectedUserDB.dateDerniereConnexion, 'dd/MM/yyyy') + '<hr/> ' + session.connectedUserHostName" (template: "fragments/nav_verticale_content" - line 163, col 86)
	at org.thymeleaf.spring6.expression.SPELVariableExpressionEvaluator.evaluate(SPELVariableExpressionEvaluator.java:292) ~[thymeleaf-spring6-3.1.3.RELEASE.jar:3.1.3.RELEASE]
	at org.thymeleaf.standard.expression.VariableExpression.executeVariableExpression(VariableExpression.java:166) ~[thymeleaf-3.1.3.RELEASE.jar:3.1.3.RELEASE]
	at org.thymeleaf.standard.expression.SimpleExpression.executeSimple(SimpleExpression.java:66) ~[thymeleaf-3.1.3.RELEASE.jar:3.1.3.RELEASE]
	at org.thymeleaf.standard.expression.Expression.execute(Expression.java:109) ~[thymeleaf-3.1.3.RELEASE.jar:3.1.3.RELEASE]
	at org.thymeleaf.standard.expression.Expression.execute(Expression.java:138) ~[thymeleaf-3.1.3.RELEASE.jar:3.1.3.RELEASE]
	at org.thymeleaf.standard.processor.StandardUtextTagProcessor.doProcess(StandardUtextTagProcessor.java:87) ~[thymeleaf-3.1.3.RELEASE.jar:3.1.3.RELEASE]
	at org.thymeleaf.processor.element.AbstractAttributeTagProcessor.doProcess(AbstractAttributeTagProcessor.java:74) ~[thymeleaf-3.1.3.RELEASE.jar:3.1.3.RELEASE]
	at org.thymeleaf.processor.element.AbstractElementTagProcessor.process(AbstractElementTagProcessor.java:95) ~[thymeleaf-3.1.3.RELEASE.jar:3.1.3.RELEASE]
	at org.thymeleaf.util.ProcessorConfigurationUtils$ElementTagProcessorWrapper.process(ProcessorConfigurationUtils.java:633) ~[thymeleaf-3.1.3.RELEASE.jar:3.1.3.RELEASE]
	at org.thymeleaf.engine.ProcessorTemplateHandler.handleOpenElement(ProcessorTemplateHandler.java:1314) ~[thymeleaf-3.1.3.RELEASE.jar:3.1.3.RELEASE]
	at org.thymeleaf.engine.OpenElementTag.beHandled(OpenElementTag.java:205) ~[thymeleaf-3.1.3.RELEASE.jar:3.1.3.RELEASE]
	at org.thymeleaf.engine.Model.process(Model.java:282) ~[thymeleaf-3.1.3.RELEASE.jar:3.1.3.RELEASE]
	at org.thymeleaf.engine.ProcessorTemplateHandler.handleOpenElement(ProcessorTemplateHandler.java:1587) ~[thymeleaf-3.1.3.RELEASE.jar:3.1.3.RELEASE]
	at org.thymeleaf.engine.TemplateHandlerAdapterMarkupHandler.handleOpenElementEnd(TemplateHandlerAdapterMarkupHandler.java:304) ~[thymeleaf-3.1.3.RELEASE.jar:3.1.3.RELEASE]
	at org.thymeleaf.templateparser.markup.InlinedOutputExpressionMarkupHandler$InlineMarkupAdapterPreProcessorHandler.handleOpenElementEnd(InlinedOutputExpressionMarkupHandler.java:278) ~[thymeleaf-3.1.3.RELEASE.jar:3.1.3.RELEASE]
	at org.thymeleaf.standard.inline.OutputExpressionInlinePreProcessorHandler.handleOpenElementEnd(OutputExpressionInlinePreProcessorHandler.java:186) ~[thymeleaf-3.1.3.RELEASE.jar:3.1.3.RELEASE]
	at org.thymeleaf.templateparser.markup.InlinedOutputExpressionMarkupHandler.handleOpenElementEnd(InlinedOutputExpressionMarkupHandler.java:124) ~[thymeleaf-3.1.3.RELEASE.jar:3.1.3.RELEASE]
	at org.attoparser.HtmlElement.handleOpenElementEnd(HtmlElement.java:109) ~[attoparser-2.0.7.RELEASE.jar:2.0.7.RELEASE]
	at org.attoparser.HtmlMarkupHandler.handleOpenElementEnd(HtmlMarkupHandler.java:297) ~[attoparser-2.0.7.RELEASE.jar:2.0.7.RELEASE]
	at org.attoparser.MarkupEventProcessorHandler.handleOpenElementEnd(MarkupEventProcessorHandler.java:402) ~[attoparser-2.0.7.RELEASE.jar:2.0.7.RELEASE]
	at org.attoparser.ParsingElementMarkupUtil.parseOpenElement(ParsingElementMarkupUtil.java:159) ~[attoparser-2.0.7.RELEASE.jar:2.0.7.RELEASE]
	at org.attoparser.MarkupParser.parseBuffer(MarkupParser.java:710) ~[attoparser-2.0.7.RELEASE.jar:2.0.7.RELEASE]
	at org.attoparser.MarkupParser.parseDocument(MarkupParser.java:301) ~[attoparser-2.0.7.RELEASE.jar:2.0.7.RELEASE]
	... 103 common frames omitted
Caused by: org.springframework.expression.spel.SpelEvaluationException: EL1007E: Property or field 'email' cannot be found on null
	at org.springframework.expression.spel.ast.PropertyOrFieldReference.readProperty(PropertyOrFieldReference.java:225) ~[spring-expression-6.2.8.jar:6.2.8]
	at org.springframework.expression.spel.ast.PropertyOrFieldReference.getValueInternal(PropertyOrFieldReference.java:112) ~[spring-expression-6.2.8.jar:6.2.8]
	at org.springframework.expression.spel.ast.PropertyOrFieldReference$AccessorValueRef.getValue(PropertyOrFieldReference.java:376) ~[spring-expression-6.2.8.jar:6.2.8]
	at org.springframework.expression.spel.ast.CompoundExpression.getValueInternal(CompoundExpression.java:97) ~[spring-expression-6.2.8.jar:6.2.8]
	at org.springframework.expression.spel.ast.OpPlus.getValueInternal(OpPlus.java:93) ~[spring-expression-6.2.8.jar:6.2.8]
	at org.springframework.expression.spel.ast.OpPlus.getValueInternal(OpPlus.java:93) ~[spring-expression-6.2.8.jar:6.2.8]
	at org.springframework.expression.spel.ast.OpPlus.getValueInternal(OpPlus.java:93) ~[spring-expression-6.2.8.jar:6.2.8]
	at org.springframework.expression.spel.ast.OpPlus.getValueInternal(OpPlus.java:93) ~[spring-expression-6.2.8.jar:6.2.8]
	at org.springframework.expression.spel.ast.SpelNodeImpl.getValue(SpelNodeImpl.java:116) ~[spring-expression-6.2.8.jar:6.2.8]
	at org.springframework.expression.spel.standard.SpelExpression.getValue(SpelExpression.java:338) ~[spring-expression-6.2.8.jar:6.2.8]
	at org.thymeleaf.spring6.expression.SPELVariableExpressionEvaluator.evaluate(SPELVariableExpressionEvaluator.java:265) ~[thymeleaf-spring6-3.1.3.RELEASE.jar:3.1.3.RELEASE]
	... 125 common frames omitted

2025-12-06T11:03:51.574+01:00 DEBUG 6936 --- [task-managementV2] [http-nio-8083-exec-8] o.s.web.servlet.DispatcherServlet        : Error rendering view [org.thymeleaf.spring6.view.ThymeleafView@43d714f0]

org.thymeleaf.exceptions.TemplateInputException: An error happened during template parsing (template: "class path resource [templates/views/user-list.html]")
	at org.thymeleaf.templateparser.markup.AbstractMarkupTemplateParser.parse(AbstractMarkupTemplateParser.java:241) ~[thymeleaf-3.1.3.RELEASE.jar:3.1.3.RELEASE]
	at org.thymeleaf.templateparser.markup.AbstractMarkupTemplateParser.parseStandalone(AbstractMarkupTemplateParser.java:100) ~[thymeleaf-3.1.3.RELEASE.jar:3.1.3.RELEASE]
	at org.thymeleaf.engine.TemplateManager.parseAndProcess(TemplateManager.java:666) ~[thymeleaf-3.1.3.RELEASE.jar:3.1.3.RELEASE]
	at org.thymeleaf.TemplateEngine.process(TemplateEngine.java:1103) ~[thymeleaf-3.1.3.RELEASE.jar:3.1.3.RELEASE]
	at org.thymeleaf.TemplateEngine.process(TemplateEngine.java:1077) ~[thymeleaf-3.1.3.RELEASE.jar:3.1.3.RELEASE]
	at org.thymeleaf.spring6.view.ThymeleafView.renderFragment(ThymeleafView.java:372) ~[thymeleaf-spring6-3.1.3.RELEASE.jar:3.1.3.RELEASE]
	at org.thymeleaf.spring6.view.ThymeleafView.render(ThymeleafView.java:192) ~[thymeleaf-spring6-3.1.3.RELEASE.jar:3.1.3.RELEASE]
	at org.springframework.web.servlet.DispatcherServlet.render(DispatcherServlet.java:1437) ~[spring-webmvc-6.2.8.jar:6.2.8]
	at org.springframework.web.servlet.DispatcherServlet.processDispatchResult(DispatcherServlet.java:1168) ~[spring-webmvc-6.2.8.jar:6.2.8]
	at org.springframework.web.servlet.DispatcherServlet.doDispatch(DispatcherServlet.java:1106) ~[spring-webmvc-6.2.8.jar:6.2.8]
	at org.springframework.web.servlet.DispatcherServlet.doService(DispatcherServlet.java:979) ~[spring-webmvc-6.2.8.jar:6.2.8]
	at org.springframework.web.servlet.FrameworkServlet.processRequest(FrameworkServlet.java:1014) ~[spring-webmvc-6.2.8.jar:6.2.8]
	at org.springframework.web.servlet.FrameworkServlet.doGet(FrameworkServlet.java:903) ~[spring-webmvc-6.2.8.jar:6.2.8]
	at jakarta.servlet.http.HttpServlet.service(HttpServlet.java:564) ~[tomcat-embed-core-10.1.42.jar:6.0]
	at org.springframework.web.servlet.FrameworkServlet.service(FrameworkServlet.java:885) ~[spring-webmvc-6.2.8.jar:6.2.8]
	at jakarta.servlet.http.HttpServlet.service(HttpServlet.java:658) ~[tomcat-embed-core-10.1.42.jar:6.0]
	at org.apache.catalina.core.ApplicationFilterChain.internalDoFilter(ApplicationFilterChain.java:195) ~[tomcat-embed-core-10.1.42.jar:10.1.42]
	at org.apache.catalina.core.ApplicationFilterChain.doFilter(ApplicationFilterChain.java:140) ~[tomcat-embed-core-10.1.42.jar:10.1.42]
	at org.apache.tomcat.websocket.server.WsFilter.doFilter(WsFilter.java:51) ~[tomcat-embed-websocket-10.1.42.jar:10.1.42]
	at org.apache.catalina.core.ApplicationFilterChain.internalDoFilter(ApplicationFilterChain.java:164) ~[tomcat-embed-core-10.1.42.jar:10.1.42]
	at org.apache.catalina.core.ApplicationFilterChain.doFilter(ApplicationFilterChain.java:140) ~[tomcat-embed-core-10.1.42.jar:10.1.42]
	at org.springframework.web.filter.CompositeFilter$VirtualFilterChain.doFilter(CompositeFilter.java:108) ~[spring-web-6.2.8.jar:6.2.8]
	at org.springframework.web.filter.CompositeFilter$VirtualFilterChain.doFilter(CompositeFilter.java:108) ~[spring-web-6.2.8.jar:6.2.8]
	at org.springframework.security.web.FilterChainProxy.lambda$doFilterInternal$3(FilterChainProxy.java:231) ~[spring-security-web-6.5.1.jar:6.5.1]
	at org.springframework.security.web.FilterChainProxy$VirtualFilterChain.doFilter(FilterChainProxy.java:365) ~[spring-security-web-6.5.1.jar:6.5.1]
	at org.springframework.security.web.access.intercept.AuthorizationFilter.doFilter(AuthorizationFilter.java:101) ~[spring-security-web-6.5.1.jar:6.5.1]
	at org.springframework.security.web.FilterChainProxy$VirtualFilterChain.doFilter(FilterChainProxy.java:374) ~[spring-security-web-6.5.1.jar:6.5.1]
	at org.springframework.security.web.access.ExceptionTranslationFilter.doFilter(ExceptionTranslationFilter.java:125) ~[spring-security-web-6.5.1.jar:6.5.1]
	at org.springframework.security.web.access.ExceptionTranslationFilter.doFilter(ExceptionTranslationFilter.java:119) ~[spring-security-web-6.5.1.jar:6.5.1]
	at org.springframework.security.web.FilterChainProxy$VirtualFilterChain.doFilter(FilterChainProxy.java:374) ~[spring-security-web-6.5.1.jar:6.5.1]
	at org.springframework.security.web.authentication.AnonymousAuthenticationFilter.doFilter(AnonymousAuthenticationFilter.java:100) ~[spring-security-web-6.5.1.jar:6.5.1]
	at org.springframework.security.web.FilterChainProxy$VirtualFilterChain.doFilter(FilterChainProxy.java:374) ~[spring-security-web-6.5.1.jar:6.5.1]
	at org.springframework.security.web.servletapi.SecurityContextHolderAwareRequestFilter.doFilter(SecurityContextHolderAwareRequestFilter.java:179) ~[spring-security-web-6.5.1.jar:6.5.1]
	at org.springframework.security.web.FilterChainProxy$VirtualFilterChain.doFilter(FilterChainProxy.java:374) ~[spring-security-web-6.5.1.jar:6.5.1]
	at org.springframework.security.web.savedrequest.RequestCacheAwareFilter.doFilter(RequestCacheAwareFilter.java:63) ~[spring-security-web-6.5.1.jar:6.5.1]
	at org.springframework.security.web.FilterChainProxy$VirtualFilterChain.doFilter(FilterChainProxy.java:374) ~[spring-security-web-6.5.1.jar:6.5.1]
	at org.springframework.security.web.authentication.AbstractAuthenticationProcessingFilter.doFilter(AbstractAuthenticationProcessingFilter.java:235) ~[spring-security-web-6.5.1.jar:6.5.1]
	at org.springframework.security.web.authentication.AbstractAuthenticationProcessingFilter.doFilter(AbstractAuthenticationProcessingFilter.java:229) ~[spring-security-web-6.5.1.jar:6.5.1]
	at org.springframework.security.web.FilterChainProxy$VirtualFilterChain.doFilter(FilterChainProxy.java:374) ~[spring-security-web-6.5.1.jar:6.5.1]
	at org.springframework.security.web.authentication.logout.LogoutFilter.doFilter(LogoutFilter.java:107) ~[spring-security-web-6.5.1.jar:6.5.1]
	at org.springframework.security.web.authentication.logout.LogoutFilter.doFilter(LogoutFilter.java:93) ~[spring-security-web-6.5.1.jar:6.5.1]
	at org.springframework.security.web.FilterChainProxy$VirtualFilterChain.doFilter(FilterChainProxy.java:374) ~[spring-security-web-6.5.1.jar:6.5.1]
	at org.springframework.security.web.csrf.CsrfFilter.doFilterInternal(CsrfFilter.java:117) ~[spring-security-web-6.5.1.jar:6.5.1]
	at org.springframework.web.filter.OncePerRequestFilter.doFilter(OncePerRequestFilter.java:116) ~[spring-web-6.2.8.jar:6.2.8]
	at org.springframework.security.web.FilterChainProxy$VirtualFilterChain.doFilter(FilterChainProxy.java:374) ~[spring-security-web-6.5.1.jar:6.5.1]
	at org.springframework.security.web.header.HeaderWriterFilter.doHeadersAfter(HeaderWriterFilter.java:90) ~[spring-security-web-6.5.1.jar:6.5.1]
	at org.springframework.security.web.header.HeaderWriterFilter.doFilterInternal(HeaderWriterFilter.java:75) ~[spring-security-web-6.5.1.jar:6.5.1]
	at org.springframework.web.filter.OncePerRequestFilter.doFilter(OncePerRequestFilter.java:116) ~[spring-web-6.2.8.jar:6.2.8]
	at org.springframework.security.web.FilterChainProxy$VirtualFilterChain.doFilter(FilterChainProxy.java:374) ~[spring-security-web-6.5.1.jar:6.5.1]
	at org.springframework.security.web.context.SecurityContextHolderFilter.doFilter(SecurityContextHolderFilter.java:82) ~[spring-security-web-6.5.1.jar:6.5.1]
	at org.springframework.security.web.context.SecurityContextHolderFilter.doFilter(SecurityContextHolderFilter.java:69) ~[spring-security-web-6.5.1.jar:6.5.1]
	at org.springframework.security.web.FilterChainProxy$VirtualFilterChain.doFilter(FilterChainProxy.java:374) ~[spring-security-web-6.5.1.jar:6.5.1]
	at org.springframework.security.web.context.request.async.WebAsyncManagerIntegrationFilter.doFilterInternal(WebAsyncManagerIntegrationFilter.java:62) ~[spring-security-web-6.5.1.jar:6.5.1]
	at org.springframework.web.filter.OncePerRequestFilter.doFilter(OncePerRequestFilter.java:116) ~[spring-web-6.2.8.jar:6.2.8]
	at org.springframework.security.web.FilterChainProxy$VirtualFilterChain.doFilter(FilterChainProxy.java:374) ~[spring-security-web-6.5.1.jar:6.5.1]
	at org.springframework.security.web.session.DisableEncodeUrlFilter.doFilterInternal(DisableEncodeUrlFilter.java:42) ~[spring-security-web-6.5.1.jar:6.5.1]
	at org.springframework.web.filter.OncePerRequestFilter.doFilter(OncePerRequestFilter.java:116) ~[spring-web-6.2.8.jar:6.2.8]
	at org.springframework.security.web.FilterChainProxy$VirtualFilterChain.doFilter(FilterChainProxy.java:374) ~[spring-security-web-6.5.1.jar:6.5.1]
	at org.springframework.security.web.FilterChainProxy.doFilterInternal(FilterChainProxy.java:233) ~[spring-security-web-6.5.1.jar:6.5.1]
	at org.springframework.security.web.FilterChainProxy.doFilter(FilterChainProxy.java:191) ~[spring-security-web-6.5.1.jar:6.5.1]
	at org.springframework.web.filter.CompositeFilter$VirtualFilterChain.doFilter(CompositeFilter.java:113) ~[spring-web-6.2.8.jar:6.2.8]
	at org.springframework.web.filter.ServletRequestPathFilter.doFilter(ServletRequestPathFilter.java:52) ~[spring-web-6.2.8.jar:6.2.8]
	at org.springframework.web.filter.CompositeFilter$VirtualFilterChain.doFilter(CompositeFilter.java:113) ~[spring-web-6.2.8.jar:6.2.8]
	at org.springframework.web.filter.CompositeFilter.doFilter(CompositeFilter.java:74) ~[spring-web-6.2.8.jar:6.2.8]
	at org.springframework.security.config.annotation.web.configuration.WebSecurityConfiguration$CompositeFilterChainProxy.doFilter(WebSecurityConfiguration.java:319) ~[spring-security-config-6.5.1.jar:6.5.1]
	at org.springframework.web.filter.CompositeFilter$VirtualFilterChain.doFilter(CompositeFilter.java:113) ~[spring-web-6.2.8.jar:6.2.8]
	at org.springframework.web.servlet.handler.HandlerMappingIntrospector.lambda$createCacheFilter$4(HandlerMappingIntrospector.java:267) ~[spring-webmvc-6.2.8.jar:6.2.8]
	at org.springframework.web.filter.CompositeFilter$VirtualFilterChain.doFilter(CompositeFilter.java:113) ~[spring-web-6.2.8.jar:6.2.8]
	at org.springframework.web.filter.CompositeFilter.doFilter(CompositeFilter.java:74) ~[spring-web-6.2.8.jar:6.2.8]
	at org.springframework.security.config.annotation.web.configuration.WebMvcSecurityConfiguration$CompositeFilterChainProxy.doFilter(WebMvcSecurityConfiguration.java:240) ~[spring-security-config-6.5.1.jar:6.5.1]
	at org.springframework.web.filter.DelegatingFilterProxy.invokeDelegate(DelegatingFilterProxy.java:362) ~[spring-web-6.2.8.jar:6.2.8]
	at org.springframework.web.filter.DelegatingFilterProxy.doFilter(DelegatingFilterProxy.java:278) ~[spring-web-6.2.8.jar:6.2.8]
	at org.apache.catalina.core.ApplicationFilterChain.internalDoFilter(ApplicationFilterChain.java:164) ~[tomcat-embed-core-10.1.42.jar:10.1.42]
	at org.apache.catalina.core.ApplicationFilterChain.doFilter(ApplicationFilterChain.java:140) ~[tomcat-embed-core-10.1.42.jar:10.1.42]
	at org.springframework.web.filter.RequestContextFilter.doFilterInternal(RequestContextFilter.java:100) ~[spring-web-6.2.8.jar:6.2.8]
	at org.springframework.web.filter.OncePerRequestFilter.doFilter(OncePerRequestFilter.java:116) ~[spring-web-6.2.8.jar:6.2.8]
	at org.apache.catalina.core.ApplicationFilterChain.internalDoFilter(ApplicationFilterChain.java:164) ~[tomcat-embed-core-10.1.42.jar:10.1.42]
	at org.apache.catalina.core.ApplicationFilterChain.doFilter(ApplicationFilterChain.java:140) ~[tomcat-embed-core-10.1.42.jar:10.1.42]
	at org.springframework.web.filter.FormContentFilter.doFilterInternal(FormContentFilter.java:93) ~[spring-web-6.2.8.jar:6.2.8]
	at org.springframework.web.filter.OncePerRequestFilter.doFilter(OncePerRequestFilter.java:116) ~[spring-web-6.2.8.jar:6.2.8]
	at org.apache.catalina.core.ApplicationFilterChain.internalDoFilter(ApplicationFilterChain.java:164) ~[tomcat-embed-core-10.1.42.jar:10.1.42]
	at org.apache.catalina.core.ApplicationFilterChain.doFilter(ApplicationFilterChain.java:140) ~[tomcat-embed-core-10.1.42.jar:10.1.42]
	at org.springframework.web.filter.CharacterEncodingFilter.doFilterInternal(CharacterEncodingFilter.java:201) ~[spring-web-6.2.8.jar:6.2.8]
	at org.springframework.web.filter.OncePerRequestFilter.doFilter(OncePerRequestFilter.java:116) ~[spring-web-6.2.8.jar:6.2.8]
	at org.apache.catalina.core.ApplicationFilterChain.internalDoFilter(ApplicationFilterChain.java:164) ~[tomcat-embed-core-10.1.42.jar:10.1.42]
	at org.apache.catalina.core.ApplicationFilterChain.doFilter(ApplicationFilterChain.java:140) ~[tomcat-embed-core-10.1.42.jar:10.1.42]
	at org.apache.catalina.core.StandardWrapperValve.invoke(StandardWrapperValve.java:167) ~[tomcat-embed-core-10.1.42.jar:10.1.42]
	at org.apache.catalina.core.StandardContextValve.invoke(StandardContextValve.java:90) ~[tomcat-embed-core-10.1.42.jar:10.1.42]
	at org.apache.catalina.authenticator.AuthenticatorBase.invoke(AuthenticatorBase.java:483) ~[tomcat-embed-core-10.1.42.jar:10.1.42]
	at org.apache.catalina.core.StandardHostValve.invoke(StandardHostValve.java:116) ~[tomcat-embed-core-10.1.42.jar:10.1.42]
	at org.apache.catalina.valves.ErrorReportValve.invoke(ErrorReportValve.java:93) ~[tomcat-embed-core-10.1.42.jar:10.1.42]
	at org.apache.catalina.core.StandardEngineValve.invoke(StandardEngineValve.java:74) ~[tomcat-embed-core-10.1.42.jar:10.1.42]
	at org.apache.catalina.connector.CoyoteAdapter.service(CoyoteAdapter.java:344) ~[tomcat-embed-core-10.1.42.jar:10.1.42]
	at org.apache.coyote.http11.Http11Processor.service(Http11Processor.java:398) ~[tomcat-embed-core-10.1.42.jar:10.1.42]
	at org.apache.coyote.AbstractProcessorLight.process(AbstractProcessorLight.java:63) ~[tomcat-embed-core-10.1.42.jar:10.1.42]
	at org.apache.coyote.AbstractProtocol$ConnectionHandler.process(AbstractProtocol.java:903) ~[tomcat-embed-core-10.1.42.jar:10.1.42]
	at org.apache.tomcat.util.net.NioEndpoint$SocketProcessor.doRun(NioEndpoint.java:1769) ~[tomcat-embed-core-10.1.42.jar:10.1.42]
	at org.apache.tomcat.util.net.SocketProcessorBase.run(SocketProcessorBase.java:52) ~[tomcat-embed-core-10.1.42.jar:10.1.42]
	at org.apache.tomcat.util.threads.ThreadPoolExecutor.runWorker(ThreadPoolExecutor.java:1189) ~[tomcat-embed-core-10.1.42.jar:10.1.42]
	at org.apache.tomcat.util.threads.ThreadPoolExecutor$Worker.run(ThreadPoolExecutor.java:658) ~[tomcat-embed-core-10.1.42.jar:10.1.42]
	at org.apache.tomcat.util.threads.TaskThread$WrappingRunnable.run(TaskThread.java:63) ~[tomcat-embed-core-10.1.42.jar:10.1.42]
	at java.base/java.lang.Thread.run(Thread.java:842) ~[na:na]
Caused by: org.attoparser.ParseException: Exception evaluating SpringEL expression: "session.connectedUserDB.email + '<hr/> ' + #dates.format(session.connectedUserDB.dateDerniereConnexion, 'dd/MM/yyyy') + '<hr/> ' + session.connectedUserHostName" (template: "fragments/nav_verticale_content" - line 163, col 86)
	at org.attoparser.MarkupParser.parseDocument(MarkupParser.java:393) ~[attoparser-2.0.7.RELEASE.jar:2.0.7.RELEASE]
	at org.attoparser.MarkupParser.parse(MarkupParser.java:257) ~[attoparser-2.0.7.RELEASE.jar:2.0.7.RELEASE]
	at org.thymeleaf.templateparser.markup.AbstractMarkupTemplateParser.parse(AbstractMarkupTemplateParser.java:230) ~[thymeleaf-3.1.3.RELEASE.jar:3.1.3.RELEASE]
	... 101 common frames omitted
Caused by: org.thymeleaf.exceptions.TemplateProcessingException: Exception evaluating SpringEL expression: "session.connectedUserDB.email + '<hr/> ' + #dates.format(session.connectedUserDB.dateDerniereConnexion, 'dd/MM/yyyy') + '<hr/> ' + session.connectedUserHostName" (template: "fragments/nav_verticale_content" - line 163, col 86)
	at org.thymeleaf.spring6.expression.SPELVariableExpressionEvaluator.evaluate(SPELVariableExpressionEvaluator.java:292) ~[thymeleaf-spring6-3.1.3.RELEASE.jar:3.1.3.RELEASE]
	at org.thymeleaf.standard.expression.VariableExpression.executeVariableExpression(VariableExpression.java:166) ~[thymeleaf-3.1.3.RELEASE.jar:3.1.3.RELEASE]
	at org.thymeleaf.standard.expression.SimpleExpression.executeSimple(SimpleExpression.java:66) ~[thymeleaf-3.1.3.RELEASE.jar:3.1.3.RELEASE]
	at org.thymeleaf.standard.expression.Expression.execute(Expression.java:109) ~[thymeleaf-3.1.3.RELEASE.jar:3.1.3.RELEASE]
	at org.thymeleaf.standard.expression.Expression.execute(Expression.java:138) ~[thymeleaf-3.1.3.RELEASE.jar:3.1.3.RELEASE]
	at org.thymeleaf.standard.processor.StandardUtextTagProcessor.doProcess(StandardUtextTagProcessor.java:87) ~[thymeleaf-3.1.3.RELEASE.jar:3.1.3.RELEASE]
	at org.thymeleaf.processor.element.AbstractAttributeTagProcessor.doProcess(AbstractAttributeTagProcessor.java:74) ~[thymeleaf-3.1.3.RELEASE.jar:3.1.3.RELEASE]
	at org.thymeleaf.processor.element.AbstractElementTagProcessor.process(AbstractElementTagProcessor.java:95) ~[thymeleaf-3.1.3.RELEASE.jar:3.1.3.RELEASE]
	at org.thymeleaf.util.ProcessorConfigurationUtils$ElementTagProcessorWrapper.process(ProcessorConfigurationUtils.java:633) ~[thymeleaf-3.1.3.RELEASE.jar:3.1.3.RELEASE]
	at org.thymeleaf.engine.ProcessorTemplateHandler.handleOpenElement(ProcessorTemplateHandler.java:1314) ~[thymeleaf-3.1.3.RELEASE.jar:3.1.3.RELEASE]
	at org.thymeleaf.engine.OpenElementTag.beHandled(OpenElementTag.java:205) ~[thymeleaf-3.1.3.RELEASE.jar:3.1.3.RELEASE]
	at org.thymeleaf.engine.Model.process(Model.java:282) ~[thymeleaf-3.1.3.RELEASE.jar:3.1.3.RELEASE]
	at org.thymeleaf.engine.ProcessorTemplateHandler.handleOpenElement(ProcessorTemplateHandler.java:1587) ~[thymeleaf-3.1.3.RELEASE.jar:3.1.3.RELEASE]
	at org.thymeleaf.engine.TemplateHandlerAdapterMarkupHandler.handleOpenElementEnd(TemplateHandlerAdapterMarkupHandler.java:304) ~[thymeleaf-3.1.3.RELEASE.jar:3.1.3.RELEASE]
	at org.thymeleaf.templateparser.markup.InlinedOutputExpressionMarkupHandler$InlineMarkupAdapterPreProcessorHandler.handleOpenElementEnd(InlinedOutputExpressionMarkupHandler.java:278) ~[thymeleaf-3.1.3.RELEASE.jar:3.1.3.RELEASE]
	at org.thymeleaf.standard.inline.OutputExpressionInlinePreProcessorHandler.handleOpenElementEnd(OutputExpressionInlinePreProcessorHandler.java:186) ~[thymeleaf-3.1.3.RELEASE.jar:3.1.3.RELEASE]
	at org.thymeleaf.templateparser.markup.InlinedOutputExpressionMarkupHandler.handleOpenElementEnd(InlinedOutputExpressionMarkupHandler.java:124) ~[thymeleaf-3.1.3.RELEASE.jar:3.1.3.RELEASE]
	at org.attoparser.HtmlElement.handleOpenElementEnd(HtmlElement.java:109) ~[attoparser-2.0.7.RELEASE.jar:2.0.7.RELEASE]
	at org.attoparser.HtmlMarkupHandler.handleOpenElementEnd(HtmlMarkupHandler.java:297) ~[attoparser-2.0.7.RELEASE.jar:2.0.7.RELEASE]
	at org.attoparser.MarkupEventProcessorHandler.handleOpenElementEnd(MarkupEventProcessorHandler.java:402) ~[attoparser-2.0.7.RELEASE.jar:2.0.7.RELEASE]
	at org.attoparser.ParsingElementMarkupUtil.parseOpenElement(ParsingElementMarkupUtil.java:159) ~[attoparser-2.0.7.RELEASE.jar:2.0.7.RELEASE]
	at org.attoparser.MarkupParser.parseBuffer(MarkupParser.java:710) ~[attoparser-2.0.7.RELEASE.jar:2.0.7.RELEASE]
	at org.attoparser.MarkupParser.parseDocument(MarkupParser.java:301) ~[attoparser-2.0.7.RELEASE.jar:2.0.7.RELEASE]
	... 103 common frames omitted
Caused by: org.springframework.expression.spel.SpelEvaluationException: EL1007E: Property or field 'email' cannot be found on null
	at org.springframework.expression.spel.ast.PropertyOrFieldReference.readProperty(PropertyOrFieldReference.java:225) ~[spring-expression-6.2.8.jar:6.2.8]
	at org.springframework.expression.spel.ast.PropertyOrFieldReference.getValueInternal(PropertyOrFieldReference.java:112) ~[spring-expression-6.2.8.jar:6.2.8]
	at org.springframework.expression.spel.ast.PropertyOrFieldReference$AccessorValueRef.getValue(PropertyOrFieldReference.java:376) ~[spring-expression-6.2.8.jar:6.2.8]
	at org.springframework.expression.spel.ast.CompoundExpression.getValueInternal(CompoundExpression.java:97) ~[spring-expression-6.2.8.jar:6.2.8]
	at org.springframework.expression.spel.ast.OpPlus.getValueInternal(OpPlus.java:93) ~[spring-expression-6.2.8.jar:6.2.8]
	at org.springframework.expression.spel.ast.OpPlus.getValueInternal(OpPlus.java:93) ~[spring-expression-6.2.8.jar:6.2.8]
	at org.springframework.expression.spel.ast.OpPlus.getValueInternal(OpPlus.java:93) ~[spring-expression-6.2.8.jar:6.2.8]
	at org.springframework.expression.spel.ast.OpPlus.getValueInternal(OpPlus.java:93) ~[spring-expression-6.2.8.jar:6.2.8]
	at org.springframework.expression.spel.ast.SpelNodeImpl.getValue(SpelNodeImpl.java:116) ~[spring-expression-6.2.8.jar:6.2.8]
	at org.springframework.expression.spel.standard.SpelExpression.getValue(SpelExpression.java:338) ~[spring-expression-6.2.8.jar:6.2.8]
	at org.thymeleaf.spring6.expression.SPELVariableExpressionEvaluator.evaluate(SPELVariableExpressionEvaluator.java:265) ~[thymeleaf-spring6-3.1.3.RELEASE.jar:3.1.3.RELEASE]
	... 125 common frames omitted

2025-12-06T11:03:51.582+01:00 DEBUG 6936 --- [task-managementV2] [http-nio-8083-exec-8] o.s.web.servlet.DispatcherServlet        : Failed to complete request: org.thymeleaf.exceptions.TemplateInputException: An error happened during template parsing (template: "class path resource [templates/views/user-list.html]")
2025-12-06T11:03:51.584+01:00 ERROR 6936 --- [task-managementV2] [http-nio-8083-exec-8] o.a.c.c.C.[.[.[.[dispatcherServlet]      : Servlet.service() for servlet [dispatcherServlet] in context with path [/task-managementV2] threw exception [Request processing failed: org.thymeleaf.exceptions.TemplateInputException: An error happened during template parsing (template: "class path resource [templates/views/user-list.html]")] with root cause

org.springframework.expression.spel.SpelEvaluationException: EL1007E: Property or field 'email' cannot be found on null
	at org.springframework.expression.spel.ast.PropertyOrFieldReference.readProperty(PropertyOrFieldReference.java:225) ~[spring-expression-6.2.8.jar:6.2.8]
	at org.springframework.expression.spel.ast.PropertyOrFieldReference.getValueInternal(PropertyOrFieldReference.java:112) ~[spring-expression-6.2.8.jar:6.2.8]
	at org.springframework.expression.spel.ast.PropertyOrFieldReference$AccessorValueRef.getValue(PropertyOrFieldReference.java:376) ~[spring-expression-6.2.8.jar:6.2.8]
	at org.springframework.expression.spel.ast.CompoundExpression.getValueInternal(CompoundExpression.java:97) ~[spring-expression-6.2.8.jar:6.2.8]
	at org.springframework.expression.spel.ast.OpPlus.getValueInternal(OpPlus.java:93) ~[spring-expression-6.2.8.jar:6.2.8]
	at org.springframework.expression.spel.ast.OpPlus.getValueInternal(OpPlus.java:93) ~[spring-expression-6.2.8.jar:6.2.8]
	at org.springframework.expression.spel.ast.OpPlus.getValueInternal(OpPlus.java:93) ~[spring-expression-6.2.8.jar:6.2.8]
	at org.springframework.expression.spel.ast.OpPlus.getValueInternal(OpPlus.java:93) ~[spring-expression-6.2.8.jar:6.2.8]
	at org.springframework.expression.spel.ast.SpelNodeImpl.getValue(SpelNodeImpl.java:116) ~[spring-expression-6.2.8.jar:6.2.8]
	at org.springframework.expression.spel.standard.SpelExpression.getValue(SpelExpression.java:338) ~[spring-expression-6.2.8.jar:6.2.8]
	at org.thymeleaf.spring6.expression.SPELVariableExpressionEvaluator.evaluate(SPELVariableExpressionEvaluator.java:265) ~[thymeleaf-spring6-3.1.3.RELEASE.jar:3.1.3.RELEASE]
	at org.thymeleaf.standard.expression.VariableExpression.executeVariableExpression(VariableExpression.java:166) ~[thymeleaf-3.1.3.RELEASE.jar:3.1.3.RELEASE]
	at org.thymeleaf.standard.expression.SimpleExpression.executeSimple(SimpleExpression.java:66) ~[thymeleaf-3.1.3.RELEASE.jar:3.1.3.RELEASE]
	at org.thymeleaf.standard.expression.Expression.execute(Expression.java:109) ~[thymeleaf-3.1.3.RELEASE.jar:3.1.3.RELEASE]
	at org.thymeleaf.standard.expression.Expression.execute(Expression.java:138) ~[thymeleaf-3.1.3.RELEASE.jar:3.1.3.RELEASE]
	at org.thymeleaf.standard.processor.StandardUtextTagProcessor.doProcess(StandardUtextTagProcessor.java:87) ~[thymeleaf-3.1.3.RELEASE.jar:3.1.3.RELEASE]
	at org.thymeleaf.processor.element.AbstractAttributeTagProcessor.doProcess(AbstractAttributeTagProcessor.java:74) ~[thymeleaf-3.1.3.RELEASE.jar:3.1.3.RELEASE]
	at org.thymeleaf.processor.element.AbstractElementTagProcessor.process(AbstractElementTagProcessor.java:95) ~[thymeleaf-3.1.3.RELEASE.jar:3.1.3.RELEASE]
	at org.thymeleaf.util.ProcessorConfigurationUtils$ElementTagProcessorWrapper.process(ProcessorConfigurationUtils.java:633) ~[thymeleaf-3.1.3.RELEASE.jar:3.1.3.RELEASE]
	at org.thymeleaf.engine.ProcessorTemplateHandler.handleOpenElement(ProcessorTemplateHandler.java:1314) ~[thymeleaf-3.1.3.RELEASE.jar:3.1.3.RELEASE]
	at org.thymeleaf.engine.OpenElementTag.beHandled(OpenElementTag.java:205) ~[thymeleaf-3.1.3.RELEASE.jar:3.1.3.RELEASE]
	at org.thymeleaf.engine.Model.process(Model.java:282) ~[thymeleaf-3.1.3.RELEASE.jar:3.1.3.RELEASE]
	at org.thymeleaf.engine.ProcessorTemplateHandler.handleOpenElement(ProcessorTemplateHandler.java:1587) ~[thymeleaf-3.1.3.RELEASE.jar:3.1.3.RELEASE]
	at org.thymeleaf.engine.TemplateHandlerAdapterMarkupHandler.handleOpenElementEnd(TemplateHandlerAdapterMarkupHandler.java:304) ~[thymeleaf-3.1.3.RELEASE.jar:3.1.3.RELEASE]
	at org.thymeleaf.templateparser.markup.InlinedOutputExpressionMarkupHandler$InlineMarkupAdapterPreProcessorHandler.handleOpenElementEnd(InlinedOutputExpressionMarkupHandler.java:278) ~[thymeleaf-3.1.3.RELEASE.jar:3.1.3.RELEASE]
	at org.thymeleaf.standard.inline.OutputExpressionInlinePreProcessorHandler.handleOpenElementEnd(OutputExpressionInlinePreProcessorHandler.java:186) ~[thymeleaf-3.1.3.RELEASE.jar:3.1.3.RELEASE]
	at org.thymeleaf.templateparser.markup.InlinedOutputExpressionMarkupHandler.handleOpenElementEnd(InlinedOutputExpressionMarkupHandler.java:124) ~[thymeleaf-3.1.3.RELEASE.jar:3.1.3.RELEASE]
	at org.attoparser.HtmlElement.handleOpenElementEnd(HtmlElement.java:109) ~[attoparser-2.0.7.RELEASE.jar:2.0.7.RELEASE]
	at org.attoparser.HtmlMarkupHandler.handleOpenElementEnd(HtmlMarkupHandler.java:297) ~[attoparser-2.0.7.RELEASE.jar:2.0.7.RELEASE]
	at org.attoparser.MarkupEventProcessorHandler.handleOpenElementEnd(MarkupEventProcessorHandler.java:402) ~[attoparser-2.0.7.RELEASE.jar:2.0.7.RELEASE]
	at org.attoparser.ParsingElementMarkupUtil.parseOpenElement(ParsingElementMarkupUtil.java:159) ~[attoparser-2.0.7.RELEASE.jar:2.0.7.RELEASE]
	at org.attoparser.MarkupParser.parseBuffer(MarkupParser.java:710) ~[attoparser-2.0.7.RELEASE.jar:2.0.7.RELEASE]
	at org.attoparser.MarkupParser.parseDocument(MarkupParser.java:301) ~[attoparser-2.0.7.RELEASE.jar:2.0.7.RELEASE]
	at org.attoparser.MarkupParser.parse(MarkupParser.java:257) ~[attoparser-2.0.7.RELEASE.jar:2.0.7.RELEASE]
	at org.thymeleaf.templateparser.markup.AbstractMarkupTemplateParser.parse(AbstractMarkupTemplateParser.java:230) ~[thymeleaf-3.1.3.RELEASE.jar:3.1.3.RELEASE]
	at org.thymeleaf.templateparser.markup.AbstractMarkupTemplateParser.parseStandalone(AbstractMarkupTemplateParser.java:100) ~[thymeleaf-3.1.3.RELEASE.jar:3.1.3.RELEASE]
	at org.thymeleaf.engine.TemplateManager.parseAndProcess(TemplateManager.java:666) ~[thymeleaf-3.1.3.RELEASE.jar:3.1.3.RELEASE]
	at org.thymeleaf.TemplateEngine.process(TemplateEngine.java:1103) ~[thymeleaf-3.1.3.RELEASE.jar:3.1.3.RELEASE]
	at org.thymeleaf.TemplateEngine.process(TemplateEngine.java:1077) ~[thymeleaf-3.1.3.RELEASE.jar:3.1.3.RELEASE]
	at org.thymeleaf.spring6.view.ThymeleafView.renderFragment(ThymeleafView.java:372) ~[thymeleaf-spring6-3.1.3.RELEASE.jar:3.1.3.RELEASE]
	at org.thymeleaf.spring6.view.ThymeleafView.render(ThymeleafView.java:192) ~[thymeleaf-spring6-3.1.3.RELEASE.jar:3.1.3.RELEASE]
	at org.springframework.web.servlet.DispatcherServlet.render(DispatcherServlet.java:1437) ~[spring-webmvc-6.2.8.jar:6.2.8]
	at org.springframework.web.servlet.DispatcherServlet.processDispatchResult(DispatcherServlet.java:1168) ~[spring-webmvc-6.2.8.jar:6.2.8]
	at org.springframework.web.servlet.DispatcherServlet.doDispatch(DispatcherServlet.java:1106) ~[spring-webmvc-6.2.8.jar:6.2.8]
	at org.springframework.web.servlet.DispatcherServlet.doService(DispatcherServlet.java:979) ~[spring-webmvc-6.2.8.jar:6.2.8]
	at org.springframework.web.servlet.FrameworkServlet.processRequest(FrameworkServlet.java:1014) ~[spring-webmvc-6.2.8.jar:6.2.8]
	at org.springframework.web.servlet.FrameworkServlet.doGet(FrameworkServlet.java:903) ~[spring-webmvc-6.2.8.jar:6.2.8]
	at jakarta.servlet.http.HttpServlet.service(HttpServlet.java:564) ~[tomcat-embed-core-10.1.42.jar:6.0]
	at org.springframework.web.servlet.FrameworkServlet.service(FrameworkServlet.java:885) ~[spring-webmvc-6.2.8.jar:6.2.8]
	at jakarta.servlet.http.HttpServlet.service(HttpServlet.java:658) ~[tomcat-embed-core-10.1.42.jar:6.0]
	at org.apache.catalina.core.ApplicationFilterChain.internalDoFilter(ApplicationFilterChain.java:195) ~[tomcat-embed-core-10.1.42.jar:10.1.42]
	at org.apache.catalina.core.ApplicationFilterChain.doFilter(ApplicationFilterChain.java:140) ~[tomcat-embed-core-10.1.42.jar:10.1.42]
	at org.apache.tomcat.websocket.server.WsFilter.doFilter(WsFilter.java:51) ~[tomcat-embed-websocket-10.1.42.jar:10.1.42]
	at org.apache.catalina.core.ApplicationFilterChain.internalDoFilter(ApplicationFilterChain.java:164) ~[tomcat-embed-core-10.1.42.jar:10.1.42]
	at org.apache.catalina.core.ApplicationFilterChain.doFilter(ApplicationFilterChain.java:140) ~[tomcat-embed-core-10.1.42.jar:10.1.42]
	at org.springframework.web.filter.CompositeFilter$VirtualFilterChain.doFilter(CompositeFilter.java:108) ~[spring-web-6.2.8.jar:6.2.8]
	at org.springframework.web.filter.CompositeFilter$VirtualFilterChain.doFilter(CompositeFilter.java:108) ~[spring-web-6.2.8.jar:6.2.8]
	at org.springframework.security.web.FilterChainProxy.lambda$doFilterInternal$3(FilterChainProxy.java:231) ~[spring-security-web-6.5.1.jar:6.5.1]
	at org.springframework.security.web.FilterChainProxy$VirtualFilterChain.doFilter(FilterChainProxy.java:365) ~[spring-security-web-6.5.1.jar:6.5.1]
	at org.springframework.security.web.access.intercept.AuthorizationFilter.doFilter(AuthorizationFilter.java:101) ~[spring-security-web-6.5.1.jar:6.5.1]
	at org.springframework.security.web.FilterChainProxy$VirtualFilterChain.doFilter(FilterChainProxy.java:374) ~[spring-security-web-6.5.1.jar:6.5.1]
	at org.springframework.security.web.access.ExceptionTranslationFilter.doFilter(ExceptionTranslationFilter.java:125) ~[spring-security-web-6.5.1.jar:6.5.1]
	at org.springframework.security.web.access.ExceptionTranslationFilter.doFilter(ExceptionTranslationFilter.java:119) ~[spring-security-web-6.5.1.jar:6.5.1]
	at org.springframework.security.web.FilterChainProxy$VirtualFilterChain.doFilter(FilterChainProxy.java:374) ~[spring-security-web-6.5.1.jar:6.5.1]
	at org.springframework.security.web.authentication.AnonymousAuthenticationFilter.doFilter(AnonymousAuthenticationFilter.java:100) ~[spring-security-web-6.5.1.jar:6.5.1]
	at org.springframework.security.web.FilterChainProxy$VirtualFilterChain.doFilter(FilterChainProxy.java:374) ~[spring-security-web-6.5.1.jar:6.5.1]
	at org.springframework.security.web.servletapi.SecurityContextHolderAwareRequestFilter.doFilter(SecurityContextHolderAwareRequestFilter.java:179) ~[spring-security-web-6.5.1.jar:6.5.1]
	at org.springframework.security.web.FilterChainProxy$VirtualFilterChain.doFilter(FilterChainProxy.java:374) ~[spring-security-web-6.5.1.jar:6.5.1]
	at org.springframework.security.web.savedrequest.RequestCacheAwareFilter.doFilter(RequestCacheAwareFilter.java:63) ~[spring-security-web-6.5.1.jar:6.5.1]
	at org.springframework.security.web.FilterChainProxy$VirtualFilterChain.doFilter(FilterChainProxy.java:374) ~[spring-security-web-6.5.1.jar:6.5.1]
	at org.springframework.security.web.authentication.AbstractAuthenticationProcessingFilter.doFilter(AbstractAuthenticationProcessingFilter.java:235) ~[spring-security-web-6.5.1.jar:6.5.1]
	at org.springframework.security.web.authentication.AbstractAuthenticationProcessingFilter.doFilter(AbstractAuthenticationProcessingFilter.java:229) ~[spring-security-web-6.5.1.jar:6.5.1]
	at org.springframework.security.web.FilterChainProxy$VirtualFilterChain.doFilter(FilterChainProxy.java:374) ~[spring-security-web-6.5.1.jar:6.5.1]
	at org.springframework.security.web.authentication.logout.LogoutFilter.doFilter(LogoutFilter.java:107) ~[spring-security-web-6.5.1.jar:6.5.1]
	at org.springframework.security.web.authentication.logout.LogoutFilter.doFilter(LogoutFilter.java:93) ~[spring-security-web-6.5.1.jar:6.5.1]
	at org.springframework.security.web.FilterChainProxy$VirtualFilterChain.doFilter(FilterChainProxy.java:374) ~[spring-security-web-6.5.1.jar:6.5.1]
	at org.springframework.security.web.csrf.CsrfFilter.doFilterInternal(CsrfFilter.java:117) ~[spring-security-web-6.5.1.jar:6.5.1]
	at org.springframework.web.filter.OncePerRequestFilter.doFilter(OncePerRequestFilter.java:116) ~[spring-web-6.2.8.jar:6.2.8]
	at org.springframework.security.web.FilterChainProxy$VirtualFilterChain.doFilter(FilterChainProxy.java:374) ~[spring-security-web-6.5.1.jar:6.5.1]
	at org.springframework.security.web.header.HeaderWriterFilter.doHeadersAfter(HeaderWriterFilter.java:90) ~[spring-security-web-6.5.1.jar:6.5.1]
	at org.springframework.security.web.header.HeaderWriterFilter.doFilterInternal(HeaderWriterFilter.java:75) ~[spring-security-web-6.5.1.jar:6.5.1]
	at org.springframework.web.filter.OncePerRequestFilter.doFilter(OncePerRequestFilter.java:116) ~[spring-web-6.2.8.jar:6.2.8]
	at org.springframework.security.web.FilterChainProxy$VirtualFilterChain.doFilter(FilterChainProxy.java:374) ~[spring-security-web-6.5.1.jar:6.5.1]
	at org.springframework.security.web.context.SecurityContextHolderFilter.doFilter(SecurityContextHolderFilter.java:82) ~[spring-security-web-6.5.1.jar:6.5.1]
	at org.springframework.security.web.context.SecurityContextHolderFilter.doFilter(SecurityContextHolderFilter.java:69) ~[spring-security-web-6.5.1.jar:6.5.1]
	at org.springframework.security.web.FilterChainProxy$VirtualFilterChain.doFilter(FilterChainProxy.java:374) ~[spring-security-web-6.5.1.jar:6.5.1]
	at org.springframework.security.web.context.request.async.WebAsyncManagerIntegrationFilter.doFilterInternal(WebAsyncManagerIntegrationFilter.java:62) ~[spring-security-web-6.5.1.jar:6.5.1]
	at org.springframework.web.filter.OncePerRequestFilter.doFilter(OncePerRequestFilter.java:116) ~[spring-web-6.2.8.jar:6.2.8]
	at org.springframework.security.web.FilterChainProxy$VirtualFilterChain.doFilter(FilterChainProxy.java:374) ~[spring-security-web-6.5.1.jar:6.5.1]
	at org.springframework.security.web.session.DisableEncodeUrlFilter.doFilterInternal(DisableEncodeUrlFilter.java:42) ~[spring-security-web-6.5.1.jar:6.5.1]
	at org.springframework.web.filter.OncePerRequestFilter.doFilter(OncePerRequestFilter.java:116) ~[spring-web-6.2.8.jar:6.2.8]
	at org.springframework.security.web.FilterChainProxy$VirtualFilterChain.doFilter(FilterChainProxy.java:374) ~[spring-security-web-6.5.1.jar:6.5.1]
	at org.springframework.security.web.FilterChainProxy.doFilterInternal(FilterChainProxy.java:233) ~[spring-security-web-6.5.1.jar:6.5.1]
	at org.springframework.security.web.FilterChainProxy.doFilter(FilterChainProxy.java:191) ~[spring-security-web-6.5.1.jar:6.5.1]
	at org.springframework.web.filter.CompositeFilter$VirtualFilterChain.doFilter(CompositeFilter.java:113) ~[spring-web-6.2.8.jar:6.2.8]
	at org.springframework.web.filter.ServletRequestPathFilter.doFilter(ServletRequestPathFilter.java:52) ~[spring-web-6.2.8.jar:6.2.8]
	at org.springframework.web.filter.CompositeFilter$VirtualFilterChain.doFilter(CompositeFilter.java:113) ~[spring-web-6.2.8.jar:6.2.8]
	at org.springframework.web.filter.CompositeFilter.doFilter(CompositeFilter.java:74) ~[spring-web-6.2.8.jar:6.2.8]
	at org.springframework.security.config.annotation.web.configuration.WebSecurityConfiguration$CompositeFilterChainProxy.doFilter(WebSecurityConfiguration.java:319) ~[spring-security-config-6.5.1.jar:6.5.1]
	at org.springframework.web.filter.CompositeFilter$VirtualFilterChain.doFilter(CompositeFilter.java:113) ~[spring-web-6.2.8.jar:6.2.8]
	at org.springframework.web.servlet.handler.HandlerMappingIntrospector.lambda$createCacheFilter$4(HandlerMappingIntrospector.java:267) ~[spring-webmvc-6.2.8.jar:6.2.8]
	at org.springframework.web.filter.CompositeFilter$VirtualFilterChain.doFilter(CompositeFilter.java:113) ~[spring-web-6.2.8.jar:6.2.8]
	at org.springframework.web.filter.CompositeFilter.doFilter(CompositeFilter.java:74) ~[spring-web-6.2.8.jar:6.2.8]
	at org.springframework.security.config.annotation.web.configuration.WebMvcSecurityConfiguration$CompositeFilterChainProxy.doFilter(WebMvcSecurityConfiguration.java:240) ~[spring-security-config-6.5.1.jar:6.5.1]
	at org.springframework.web.filter.DelegatingFilterProxy.invokeDelegate(DelegatingFilterProxy.java:362) ~[spring-web-6.2.8.jar:6.2.8]
	at org.springframework.web.filter.DelegatingFilterProxy.doFilter(DelegatingFilterProxy.java:278) ~[spring-web-6.2.8.jar:6.2.8]
	at org.apache.catalina.core.ApplicationFilterChain.internalDoFilter(ApplicationFilterChain.java:164) ~[tomcat-embed-core-10.1.42.jar:10.1.42]
	at org.apache.catalina.core.ApplicationFilterChain.doFilter(ApplicationFilterChain.java:140) ~[tomcat-embed-core-10.1.42.jar:10.1.42]
	at org.springframework.web.filter.RequestContextFilter.doFilterInternal(RequestContextFilter.java:100) ~[spring-web-6.2.8.jar:6.2.8]
	at org.springframework.web.filter.OncePerRequestFilter.doFilter(OncePerRequestFilter.java:116) ~[spring-web-6.2.8.jar:6.2.8]
	at org.apache.catalina.core.ApplicationFilterChain.internalDoFilter(ApplicationFilterChain.java:164) ~[tomcat-embed-core-10.1.42.jar:10.1.42]
	at org.apache.catalina.core.ApplicationFilterChain.doFilter(ApplicationFilterChain.java:140) ~[tomcat-embed-core-10.1.42.jar:10.1.42]
	at org.springframework.web.filter.FormContentFilter.doFilterInternal(FormContentFilter.java:93) ~[spring-web-6.2.8.jar:6.2.8]
	at org.springframework.web.filter.OncePerRequestFilter.doFilter(OncePerRequestFilter.java:116) ~[spring-web-6.2.8.jar:6.2.8]
	at org.apache.catalina.core.ApplicationFilterChain.internalDoFilter(ApplicationFilterChain.java:164) ~[tomcat-embed-core-10.1.42.jar:10.1.42]
	at org.apache.catalina.core.ApplicationFilterChain.doFilter(ApplicationFilterChain.java:140) ~[tomcat-embed-core-10.1.42.jar:10.1.42]
	at org.springframework.web.filter.CharacterEncodingFilter.doFilterInternal(CharacterEncodingFilter.java:201) ~[spring-web-6.2.8.jar:6.2.8]
	at org.springframework.web.filter.OncePerRequestFilter.doFilter(OncePerRequestFilter.java:116) ~[spring-web-6.2.8.jar:6.2.8]
	at org.apache.catalina.core.ApplicationFilterChain.internalDoFilter(ApplicationFilterChain.java:164) ~[tomcat-embed-core-10.1.42.jar:10.1.42]
	at org.apache.catalina.core.ApplicationFilterChain.doFilter(ApplicationFilterChain.java:140) ~[tomcat-embed-core-10.1.42.jar:10.1.42]
	at org.apache.catalina.core.StandardWrapperValve.invoke(StandardWrapperValve.java:167) ~[tomcat-embed-core-10.1.42.jar:10.1.42]
	at org.apache.catalina.core.StandardContextValve.invoke(StandardContextValve.java:90) ~[tomcat-embed-core-10.1.42.jar:10.1.42]
	at org.apache.catalina.authenticator.AuthenticatorBase.invoke(AuthenticatorBase.java:483) ~[tomcat-embed-core-10.1.42.jar:10.1.42]
	at org.apache.catalina.core.StandardHostValve.invoke(StandardHostValve.java:116) ~[tomcat-embed-core-10.1.42.jar:10.1.42]
	at org.apache.catalina.valves.ErrorReportValve.invoke(ErrorReportValve.java:93) ~[tomcat-embed-core-10.1.42.jar:10.1.42]
	at org.apache.catalina.core.StandardEngineValve.invoke(StandardEngineValve.java:74) ~[tomcat-embed-core-10.1.42.jar:10.1.42]
	at org.apache.catalina.connector.CoyoteAdapter.service(CoyoteAdapter.java:344) ~[tomcat-embed-core-10.1.42.jar:10.1.42]
	at org.apache.coyote.http11.Http11Processor.service(Http11Processor.java:398) ~[tomcat-embed-core-10.1.42.jar:10.1.42]
	at org.apache.coyote.AbstractProcessorLight.process(AbstractProcessorLight.java:63) ~[tomcat-embed-core-10.1.42.jar:10.1.42]
	at org.apache.coyote.AbstractProtocol$ConnectionHandler.process(AbstractProtocol.java:903) ~[tomcat-embed-core-10.1.42.jar:10.1.42]
	at org.apache.tomcat.util.net.NioEndpoint$SocketProcessor.doRun(NioEndpoint.java:1769) ~[tomcat-embed-core-10.1.42.jar:10.1.42]
	at org.apache.tomcat.util.net.SocketProcessorBase.run(SocketProcessorBase.java:52) ~[tomcat-embed-core-10.1.42.jar:10.1.42]
	at org.apache.tomcat.util.threads.ThreadPoolExecutor.runWorker(ThreadPoolExecutor.java:1189) ~[tomcat-embed-core-10.1.42.jar:10.1.42]
	at org.apache.tomcat.util.threads.ThreadPoolExecutor$Worker.run(ThreadPoolExecutor.java:658) ~[tomcat-embed-core-10.1.42.jar:10.1.42]
	at org.apache.tomcat.util.threads.TaskThread$WrappingRunnable.run(TaskThread.java:63) ~[tomcat-embed-core-10.1.42.jar:10.1.42]
	at java.base/java.lang.Thread.run(Thread.java:842) ~[na:na]

2025-12-06T11:03:51.599+01:00 DEBUG 6936 --- [task-managementV2] [http-nio-8083-exec-8] o.s.security.web.FilterChainProxy        : Securing GET /home-list-users?continue
2025-12-06T11:03:51.602+01:00 DEBUG 6936 --- [task-managementV2] [http-nio-8083-exec-8] w.c.HttpSessionSecurityContextRepository : Retrieved SecurityContextImpl [Authentication=UsernamePasswordAuthenticationToken [Principal=com.adacorp.task_managementV2.security.CustomerUserDetails@143b535, Credentials=[PROTECTED], Authenticated=true, Details=WebAuthenticationDetails [RemoteIpAddress=127.0.0.1, SessionId=D02461422126761820D95C59277CE357], Granted Authorities=[ADMIN]]]
2025-12-06T11:03:51.602+01:00 DEBUG 6936 --- [task-managementV2] [http-nio-8083-exec-8] o.s.security.web.FilterChainProxy        : Secured GET /home-list-users?continue
2025-12-06T11:03:51.603+01:00 DEBUG 6936 --- [task-managementV2] [http-nio-8083-exec-8] o.s.web.servlet.DispatcherServlet        : "INCLUDE" dispatch for GET "/task-managementV2/error?continue", parameters={masked}
2025-12-06T11:03:51.604+01:00 DEBUG 6936 --- [task-managementV2] [http-nio-8083-exec-8] s.w.s.m.m.a.RequestMappingHandlerMapping : Mapped to org.springframework.boot.autoconfigure.web.servlet.error.BasicErrorController#errorHtml(HttpServletRequest, HttpServletResponse)
2025-12-06T11:03:51.624+01:00 DEBUG 6936 --- [task-managementV2] [http-nio-8083-exec-8] o.s.w.s.v.ContentNegotiatingViewResolver : Selected 'text/html' given [text/html, text/html;q=0.8]
2025-12-06T11:03:51.626+01:00 ERROR 6936 --- [task-managementV2] [http-nio-8083-exec-8] s.e.ErrorMvcAutoConfiguration$StaticView : Cannot render error page for request [/task-managementV2/home-list-users] and exception [An error happened during template parsing (template: "class path resource [templates/views/user-list.html]")] as the response has already been committed. As a result, the response may have the wrong status code.
2025-12-06T11:03:51.635+01:00 DEBUG 6936 --- [task-managementV2] [http-nio-8083-exec-8] o.s.web.servlet.DispatcherServlet        : Exiting from "INCLUDE" dispatch, status 200
2025-12-06T11:04:02.384+01:00 DEBUG 6936 --- [task-managementV2] [http-nio-8083-exec-1] o.s.security.web.FilterChainProxy        : Securing GET /dashboard
2025-12-06T11:04:02.384+01:00 DEBUG 6936 --- [task-managementV2] [http-nio-8083-exec-1] w.c.HttpSessionSecurityContextRepository : Retrieved SecurityContextImpl [Authentication=UsernamePasswordAuthenticationToken [Principal=com.adacorp.task_managementV2.security.CustomerUserDetails@143b535, Credentials=[PROTECTED], Authenticated=true, Details=WebAuthenticationDetails [RemoteIpAddress=127.0.0.1, SessionId=D02461422126761820D95C59277CE357], Granted Authorities=[ADMIN]]]
2025-12-06T11:04:02.385+01:00 DEBUG 6936 --- [task-managementV2] [http-nio-8083-exec-1] o.s.security.web.FilterChainProxy        : Secured GET /dashboard
2025-12-06T11:04:02.385+01:00 DEBUG 6936 --- [task-managementV2] [http-nio-8083-exec-1] o.s.web.servlet.DispatcherServlet        : GET "/task-managementV2/dashboard", parameters={}
2025-12-06T11:04:02.386+01:00 DEBUG 6936 --- [task-managementV2] [http-nio-8083-exec-1] s.w.s.m.m.a.RequestMappingHandlerMapping : Mapped to com.adacorp.task_managementV2.controller.HomeController#dashboard(Principal, HttpServletRequest, Model)
2025-12-06T11:04:02.387+01:00 DEBUG 6936 --- [task-managementV2] [http-nio-8083-exec-1] org.hibernate.SQL                        : 
    select
        * 
    FROM
        utilisateur u 
    WHERE
        u.email = ? 
2025-12-06T11:04:02.391+01:00 DEBUG 6936 --- [task-managementV2] [http-nio-8083-exec-1] org.hibernate.SQL                        : 
    select
        r1_0.id,
        r1_0.code,
        r1_0.creation_date,
        r1_0.last_modified_date,
        r1_0.libelle 
    from
        role r1_0 
    where
        r1_0.id=?
2025-12-06T11:04:02.407+01:00 DEBUG 6936 --- [task-managementV2] [http-nio-8083-exec-1] org.hibernate.SQL                        : 
    select
        count(t1_0.id) 
    from
        task t1_0 
    left join
        state s1_0 
            on s1_0.id=t1_0.state_id 
    where
        s1_0.code=?
2025-12-06T11:04:02.411+01:00 DEBUG 6936 --- [task-managementV2] [http-nio-8083-exec-1] org.hibernate.SQL                        : 
    select
        count(t1_0.id) 
    from
        task t1_0 
    left join
        state s1_0 
            on s1_0.id=t1_0.state_id 
    where
        s1_0.code=?
2025-12-06T11:04:02.420+01:00 DEBUG 6936 --- [task-managementV2] [http-nio-8083-exec-1] org.hibernate.SQL                        : 
    select
        count(t1_0.id) 
    from
        task t1_0 
    left join
        state s1_0 
            on s1_0.id=t1_0.state_id 
    where
        s1_0.code=?
2025-12-06T11:04:02.540+01:00 DEBUG 6936 --- [task-managementV2] [http-nio-8083-exec-1] org.hibernate.SQL                        : 
    select
        count(*) 
    from
        task t1_0
2025-12-06T11:04:02.552+01:00 DEBUG 6936 --- [task-managementV2] [http-nio-8083-exec-1] org.hibernate.SQL                        : 
    select
        t1_0.id,
        t1_0.creation_date,
        t1_0.last_modified_date,
        t1_0.description,
        t1_0.name,
        t1_0.state_id 
    from
        task t1_0 
    left join
        state s1_0 
            on s1_0.id=t1_0.state_id 
    where
        s1_0.code=? 
    order by
        t1_0.creation_date desc
2025-12-06T11:04:02.555+01:00 DEBUG 6936 --- [task-managementV2] [http-nio-8083-exec-1] org.hibernate.SQL                        : 
    select
        s1_0.id,
        s1_0.code,
        s1_0.creation_date,
        s1_0.last_modified_date,
        s1_0.description 
    from
        state s1_0 
    where
        s1_0.id=?
2025-12-06T11:04:02.561+01:00 DEBUG 6936 --- [task-managementV2] [http-nio-8083-exec-1] org.hibernate.SQL                        : 
    select
        t1_0.id,
        t1_0.creation_date,
        t1_0.last_modified_date,
        t1_0.description,
        t1_0.name,
        t1_0.state_id 
    from
        task t1_0 
    left join
        state s1_0 
            on s1_0.id=t1_0.state_id 
    where
        s1_0.code=? 
    order by
        t1_0.creation_date desc
2025-12-06T11:04:02.567+01:00 DEBUG 6936 --- [task-managementV2] [http-nio-8083-exec-1] org.hibernate.SQL                        : 
    select
        t1_0.id,
        t1_0.creation_date,
        t1_0.last_modified_date,
        t1_0.description,
        t1_0.name,
        t1_0.state_id 
    from
        task t1_0 
    left join
        state s1_0 
            on s1_0.id=t1_0.state_id 
    where
        s1_0.code=? 
    order by
        t1_0.creation_date desc
2025-12-06T11:04:02.570+01:00 DEBUG 6936 --- [task-managementV2] [http-nio-8083-exec-1] org.hibernate.SQL                        : 
    select
        s1_0.id,
        s1_0.code,
        s1_0.creation_date,
        s1_0.last_modified_date,
        s1_0.description 
    from
        state s1_0 
    where
        s1_0.id=?
2025-12-06T11:04:02.576+01:00  INFO 6936 --- [task-managementV2] [http-nio-8083-exec-1] c.a.task_managementV2.model.HostName     : ipAdress: 127.0.0.1 
2025-12-06T11:04:02.577+01:00  INFO 6936 --- [task-managementV2] [http-nio-8083-exec-1] c.a.task_managementV2.model.HostName     : Hostname: 127.0.0.1 
2025-12-06T11:04:02.577+01:00  INFO 6936 --- [task-managementV2] [http-nio-8083-exec-1] c.a.task_managementV2.model.HostName     : Canonical Hostname: 127.0.0.1 
2025-12-06T11:04:02.577+01:00  INFO 6936 --- [task-managementV2] [http-nio-8083-exec-1] c.a.task_managementV2.model.HostName     : 127.0.0.1
2025-12-06T11:04:02.580+01:00 DEBUG 6936 --- [task-managementV2] [http-nio-8083-exec-1] o.s.w.s.v.ContentNegotiatingViewResolver : Selected 'text/html' given [text/html, application/xhtml+xml, application/xml;q=0.9, */*;q=0.8]
2025-12-06T11:04:02.587+01:00  WARN 6936 --- [task-managementV2] [http-nio-8083-exec-1] actStandardFragmentInsertionTagProcessor : [THYMELEAF][http-nio-8083-exec-1][views/welcome-dashboard] Deprecated unwrapped fragment expression "fragments/header :: headerFragment" found in template views/welcome-dashboard, line 5, col 11. Please use the complete syntax of fragment expressions instead ("~{fragments/header :: headerFragment}"). The old, unwrapped syntax for fragment expressions will be removed in future versions of Thymeleaf.
2025-12-06T11:04:02.591+01:00  WARN 6936 --- [task-managementV2] [http-nio-8083-exec-1] actStandardFragmentInsertionTagProcessor : [THYMELEAF][http-nio-8083-exec-1][views/welcome-dashboard] Deprecated unwrapped fragment expression "fragments/nav_horizontale_content :: nav_horizontale_content_fragment" found in template views/welcome-dashboard, line 10, col 10. Please use the complete syntax of fragment expressions instead ("~{fragments/nav_horizontale_content :: nav_horizontale_content_fragment}"). The old, unwrapped syntax for fragment expressions will be removed in future versions of Thymeleaf.
2025-12-06T11:04:02.607+01:00  WARN 6936 --- [task-managementV2] [http-nio-8083-exec-1] actStandardFragmentInsertionTagProcessor : [THYMELEAF][http-nio-8083-exec-1][views/welcome-dashboard] Deprecated unwrapped fragment expression "fragments/nav_verticale_content :: nav_verticale_content_fragment" found in template views/welcome-dashboard, line 15, col 18. Please use the complete syntax of fragment expressions instead ("~{fragments/nav_verticale_content :: nav_verticale_content_fragment}"). The old, unwrapped syntax for fragment expressions will be removed in future versions of Thymeleaf.
2025-12-06T11:04:02.711+01:00 DEBUG 6936 --- [task-managementV2] [http-nio-8083-exec-4] o.s.security.web.FilterChainProxy        : Securing GET /css/style.min.css
2025-12-06T11:04:02.712+01:00 DEBUG 6936 --- [task-managementV2] [http-nio-8083-exec-4] o.s.security.web.FilterChainProxy        : Secured GET /css/style.min.css
2025-12-06T11:04:02.713+01:00 DEBUG 6936 --- [task-managementV2] [http-nio-8083-exec-4] o.s.web.servlet.DispatcherServlet        : GET "/task-managementV2/css/style.min.css", parameters={}
2025-12-06T11:04:02.719+01:00 DEBUG 6936 --- [task-managementV2] [http-nio-8083-exec-4] o.s.w.s.handler.SimpleUrlHandlerMapping  : Mapped to ResourceHttpRequestHandler [classpath [META-INF/resources/], classpath [resources/], classpath [static/], classpath [public/], ServletContext [/]]
2025-12-06T11:04:02.723+01:00 DEBUG 6936 --- [task-managementV2] [http-nio-8083-exec-2] o.s.security.web.FilterChainProxy        : Securing GET /css/styles.css
2025-12-06T11:04:02.723+01:00 DEBUG 6936 --- [task-managementV2] [http-nio-8083-exec-2] o.s.security.web.FilterChainProxy        : Secured GET /css/styles.css
2025-12-06T11:04:02.724+01:00 DEBUG 6936 --- [task-managementV2] [http-nio-8083-exec-2] o.s.web.servlet.DispatcherServlet        : GET "/task-managementV2/css/styles.css", parameters={}
2025-12-06T11:04:02.725+01:00 DEBUG 6936 --- [task-managementV2] [http-nio-8083-exec-2] o.s.w.s.handler.SimpleUrlHandlerMapping  : Mapped to ResourceHttpRequestHandler [classpath [META-INF/resources/], classpath [resources/], classpath [static/], classpath [public/], ServletContext [/]]
2025-12-06T11:04:02.728+01:00 DEBUG 6936 --- [task-managementV2] [http-nio-8083-exec-4] o.s.web.servlet.DispatcherServlet        : Completed 200 OK
2025-12-06T11:04:02.728+01:00 DEBUG 6936 --- [task-managementV2] [http-nio-8083-exec-4] w.c.HttpSessionSecurityContextRepository : Retrieved SecurityContextImpl [Authentication=UsernamePasswordAuthenticationToken [Principal=com.adacorp.task_managementV2.security.CustomerUserDetails@143b535, Credentials=[PROTECTED], Authenticated=true, Details=WebAuthenticationDetails [RemoteIpAddress=127.0.0.1, SessionId=D02461422126761820D95C59277CE357], Granted Authorities=[ADMIN]]]
2025-12-06T11:04:02.755+01:00 DEBUG 6936 --- [task-managementV2] [http-nio-8083-exec-2] o.s.web.servlet.DispatcherServlet        : Completed 200 OK
2025-12-06T11:04:02.756+01:00 DEBUG 6936 --- [task-managementV2] [http-nio-8083-exec-2] w.c.HttpSessionSecurityContextRepository : Retrieved SecurityContextImpl [Authentication=UsernamePasswordAuthenticationToken [Principal=com.adacorp.task_managementV2.security.CustomerUserDetails@143b535, Credentials=[PROTECTED], Authenticated=true, Details=WebAuthenticationDetails [RemoteIpAddress=127.0.0.1, SessionId=D02461422126761820D95C59277CE357], Granted Authorities=[ADMIN]]]
2025-12-06T11:04:02.777+01:00  WARN 6936 --- [task-managementV2] [http-nio-8083-exec-1] actStandardFragmentInsertionTagProcessor : [THYMELEAF][http-nio-8083-exec-1][views/welcome-dashboard] Deprecated unwrapped fragment expression "fragments/footer :: footerFragment" found in template views/welcome-dashboard, line 73, col 22. Please use the complete syntax of fragment expressions instead ("~{fragments/footer :: footerFragment}"). The old, unwrapped syntax for fragment expressions will be removed in future versions of Thymeleaf.
2025-12-06T11:04:02.784+01:00  WARN 6936 --- [task-managementV2] [http-nio-8083-exec-1] actStandardFragmentInsertionTagProcessor : [THYMELEAF][http-nio-8083-exec-1][views/welcome-dashboard] Deprecated unwrapped fragment expression "fragments/js_code_and_modal_logout :: js_code_and_modal_logout_fragment" found in template views/welcome-dashboard, line 80, col 14. Please use the complete syntax of fragment expressions instead ("~{fragments/js_code_and_modal_logout :: js_code_and_modal_logout_fragment}"). The old, unwrapped syntax for fragment expressions will be removed in future versions of Thymeleaf.
2025-12-06T11:04:02.792+01:00 DEBUG 6936 --- [task-managementV2] [http-nio-8083-exec-1] o.s.web.servlet.DispatcherServlet        : Completed 200 OK
2025-12-06T11:04:02.810+01:00 DEBUG 6936 --- [task-managementV2] [http-nio-8083-exec-3] o.s.security.web.FilterChainProxy        : Securing GET /js/scripts.js
2025-12-06T11:04:02.811+01:00 DEBUG 6936 --- [task-managementV2] [http-nio-8083-exec-3] o.s.security.web.FilterChainProxy        : Secured GET /js/scripts.js
2025-12-06T11:04:02.811+01:00 DEBUG 6936 --- [task-managementV2] [http-nio-8083-exec-3] o.s.web.servlet.DispatcherServlet        : GET "/task-managementV2/js/scripts.js", parameters={}
2025-12-06T11:04:02.812+01:00 DEBUG 6936 --- [task-managementV2] [http-nio-8083-exec-3] o.s.w.s.handler.SimpleUrlHandlerMapping  : Mapped to ResourceHttpRequestHandler [classpath [META-INF/resources/], classpath [resources/], classpath [static/], classpath [public/], ServletContext [/]]
2025-12-06T11:04:02.812+01:00 DEBUG 6936 --- [task-managementV2] [http-nio-8083-exec-6] o.s.security.web.FilterChainProxy        : Securing GET /assets/demo/chart-bar-demo.js
2025-12-06T11:04:02.813+01:00 DEBUG 6936 --- [task-managementV2] [http-nio-8083-exec-6] o.s.security.web.FilterChainProxy        : Secured GET /assets/demo/chart-bar-demo.js
2025-12-06T11:04:02.815+01:00 DEBUG 6936 --- [task-managementV2] [http-nio-8083-exec-6] o.s.web.servlet.DispatcherServlet        : GET "/task-managementV2/assets/demo/chart-bar-demo.js", parameters={}
2025-12-06T11:04:02.815+01:00 DEBUG 6936 --- [task-managementV2] [http-nio-8083-exec-6] o.s.w.s.handler.SimpleUrlHandlerMapping  : Mapped to ResourceHttpRequestHandler [classpath [META-INF/resources/], classpath [resources/], classpath [static/], classpath [public/], ServletContext [/]]
2025-12-06T11:04:02.819+01:00 DEBUG 6936 --- [task-managementV2] [http-nio-8083-exec-7] o.s.security.web.FilterChainProxy        : Securing GET /js/datatables-simple-demo.js
2025-12-06T11:04:02.819+01:00 DEBUG 6936 --- [task-managementV2] [http-nio-8083-exec-7] o.s.security.web.FilterChainProxy        : Secured GET /js/datatables-simple-demo.js
2025-12-06T11:04:02.820+01:00 DEBUG 6936 --- [task-managementV2] [http-nio-8083-exec-7] o.s.web.servlet.DispatcherServlet        : GET "/task-managementV2/js/datatables-simple-demo.js", parameters={}
2025-12-06T11:04:02.823+01:00 DEBUG 6936 --- [task-managementV2] [http-nio-8083-exec-5] o.s.security.web.FilterChainProxy        : Securing GET /assets/demo/chart-area-demo.js
2025-12-06T11:04:02.823+01:00 DEBUG 6936 --- [task-managementV2] [http-nio-8083-exec-5] o.s.security.web.FilterChainProxy        : Secured GET /assets/demo/chart-area-demo.js
2025-12-06T11:04:02.823+01:00 DEBUG 6936 --- [task-managementV2] [http-nio-8083-exec-5] o.s.web.servlet.DispatcherServlet        : GET "/task-managementV2/assets/demo/chart-area-demo.js", parameters={}
2025-12-06T11:04:02.824+01:00 DEBUG 6936 --- [task-managementV2] [http-nio-8083-exec-5] o.s.w.s.handler.SimpleUrlHandlerMapping  : Mapped to ResourceHttpRequestHandler [classpath [META-INF/resources/], classpath [resources/], classpath [static/], classpath [public/], ServletContext [/]]
2025-12-06T11:04:02.826+01:00 DEBUG 6936 --- [task-managementV2] [http-nio-8083-exec-9] o.s.security.web.FilterChainProxy        : Securing GET /js/bootstrap.bundle.min.js
2025-12-06T11:04:02.834+01:00 DEBUG 6936 --- [task-managementV2] [http-nio-8083-exec-9] o.s.security.web.FilterChainProxy        : Secured GET /js/bootstrap.bundle.min.js
2025-12-06T11:04:02.835+01:00 DEBUG 6936 --- [task-managementV2] [http-nio-8083-exec-9] o.s.web.servlet.DispatcherServlet        : GET "/task-managementV2/js/bootstrap.bundle.min.js", parameters={}
2025-12-06T11:04:02.826+01:00 DEBUG 6936 --- [task-managementV2] [http-nio-8083-exec-7] o.s.w.s.handler.SimpleUrlHandlerMapping  : Mapped to ResourceHttpRequestHandler [classpath [META-INF/resources/], classpath [resources/], classpath [static/], classpath [public/], ServletContext [/]]
2025-12-06T11:04:02.835+01:00 DEBUG 6936 --- [task-managementV2] [http-nio-8083-exec-10] o.s.security.web.FilterChainProxy        : Securing GET /js/Chart.min.js
2025-12-06T11:04:02.836+01:00 DEBUG 6936 --- [task-managementV2] [http-nio-8083-exec-10] o.s.security.web.FilterChainProxy        : Secured GET /js/Chart.min.js
2025-12-06T11:04:02.836+01:00 DEBUG 6936 --- [task-managementV2] [http-nio-8083-exec-10] o.s.web.servlet.DispatcherServlet        : GET "/task-managementV2/js/Chart.min.js", parameters={}
2025-12-06T11:04:02.834+01:00 DEBUG 6936 --- [task-managementV2] [http-nio-8083-exec-6] o.s.web.servlet.DispatcherServlet        : Completed 200 OK
2025-12-06T11:04:02.837+01:00 DEBUG 6936 --- [task-managementV2] [http-nio-8083-exec-6] w.c.HttpSessionSecurityContextRepository : Retrieved SecurityContextImpl [Authentication=UsernamePasswordAuthenticationToken [Principal=com.adacorp.task_managementV2.security.CustomerUserDetails@143b535, Credentials=[PROTECTED], Authenticated=true, Details=WebAuthenticationDetails [RemoteIpAddress=127.0.0.1, SessionId=D02461422126761820D95C59277CE357], Granted Authorities=[ADMIN]]]
2025-12-06T11:04:02.837+01:00 DEBUG 6936 --- [task-managementV2] [http-nio-8083-exec-10] o.s.w.s.handler.SimpleUrlHandlerMapping  : Mapped to ResourceHttpRequestHandler [classpath [META-INF/resources/], classpath [resources/], classpath [static/], classpath [public/], ServletContext [/]]
2025-12-06T11:04:02.836+01:00 DEBUG 6936 --- [task-managementV2] [http-nio-8083-exec-9] o.s.w.s.handler.SimpleUrlHandlerMapping  : Mapped to ResourceHttpRequestHandler [classpath [META-INF/resources/], classpath [resources/], classpath [static/], classpath [public/], ServletContext [/]]
2025-12-06T11:04:02.839+01:00 DEBUG 6936 --- [task-managementV2] [http-nio-8083-exec-3] o.s.web.servlet.DispatcherServlet        : Completed 200 OK
2025-12-06T11:04:02.840+01:00 DEBUG 6936 --- [task-managementV2] [http-nio-8083-exec-3] w.c.HttpSessionSecurityContextRepository : Retrieved SecurityContextImpl [Authentication=UsernamePasswordAuthenticationToken [Principal=com.adacorp.task_managementV2.security.CustomerUserDetails@143b535, Credentials=[PROTECTED], Authenticated=true, Details=WebAuthenticationDetails [RemoteIpAddress=127.0.0.1, SessionId=D02461422126761820D95C59277CE357], Granted Authorities=[ADMIN]]]
2025-12-06T11:04:02.842+01:00 DEBUG 6936 --- [task-managementV2] [http-nio-8083-exec-6] o.s.security.web.FilterChainProxy        : Securing GET /js/simple-datatables.min.js
2025-12-06T11:04:02.842+01:00 DEBUG 6936 --- [task-managementV2] [http-nio-8083-exec-6] o.s.security.web.FilterChainProxy        : Secured GET /js/simple-datatables.min.js
2025-12-06T11:04:02.842+01:00 DEBUG 6936 --- [task-managementV2] [http-nio-8083-exec-6] o.s.web.servlet.DispatcherServlet        : GET "/task-managementV2/js/simple-datatables.min.js", parameters={}
2025-12-06T11:04:02.843+01:00 DEBUG 6936 --- [task-managementV2] [http-nio-8083-exec-6] o.s.w.s.handler.SimpleUrlHandlerMapping  : Mapped to ResourceHttpRequestHandler [classpath [META-INF/resources/], classpath [resources/], classpath [static/], classpath [public/], ServletContext [/]]
2025-12-06T11:04:02.854+01:00 DEBUG 6936 --- [task-managementV2] [http-nio-8083-exec-5] o.s.web.servlet.DispatcherServlet        : Completed 200 OK
2025-12-06T11:04:02.854+01:00 DEBUG 6936 --- [task-managementV2] [http-nio-8083-exec-5] w.c.HttpSessionSecurityContextRepository : Retrieved SecurityContextImpl [Authentication=UsernamePasswordAuthenticationToken [Principal=com.adacorp.task_managementV2.security.CustomerUserDetails@143b535, Credentials=[PROTECTED], Authenticated=true, Details=WebAuthenticationDetails [RemoteIpAddress=127.0.0.1, SessionId=D02461422126761820D95C59277CE357], Granted Authorities=[ADMIN]]]
2025-12-06T11:04:02.856+01:00 DEBUG 6936 --- [task-managementV2] [http-nio-8083-exec-7] o.s.web.servlet.DispatcherServlet        : Completed 200 OK
2025-12-06T11:04:02.856+01:00 DEBUG 6936 --- [task-managementV2] [http-nio-8083-exec-7] w.c.HttpSessionSecurityContextRepository : Retrieved SecurityContextImpl [Authentication=UsernamePasswordAuthenticationToken [Principal=com.adacorp.task_managementV2.security.CustomerUserDetails@143b535, Credentials=[PROTECTED], Authenticated=true, Details=WebAuthenticationDetails [RemoteIpAddress=127.0.0.1, SessionId=D02461422126761820D95C59277CE357], Granted Authorities=[ADMIN]]]
2025-12-06T11:04:02.863+01:00 DEBUG 6936 --- [task-managementV2] [http-nio-8083-exec-6] o.s.web.servlet.DispatcherServlet        : Completed 200 OK
2025-12-06T11:04:02.864+01:00 DEBUG 6936 --- [task-managementV2] [http-nio-8083-exec-6] w.c.HttpSessionSecurityContextRepository : Retrieved SecurityContextImpl [Authentication=UsernamePasswordAuthenticationToken [Principal=com.adacorp.task_managementV2.security.CustomerUserDetails@143b535, Credentials=[PROTECTED], Authenticated=true, Details=WebAuthenticationDetails [RemoteIpAddress=127.0.0.1, SessionId=D02461422126761820D95C59277CE357], Granted Authorities=[ADMIN]]]
2025-12-06T11:04:02.863+01:00 DEBUG 6936 --- [task-managementV2] [http-nio-8083-exec-9] o.s.web.servlet.DispatcherServlet        : Completed 200 OK
2025-12-06T11:04:02.868+01:00 DEBUG 6936 --- [task-managementV2] [http-nio-8083-exec-9] w.c.HttpSessionSecurityContextRepository : Retrieved SecurityContextImpl [Authentication=UsernamePasswordAuthenticationToken [Principal=com.adacorp.task_managementV2.security.CustomerUserDetails@143b535, Credentials=[PROTECTED], Authenticated=true, Details=WebAuthenticationDetails [RemoteIpAddress=127.0.0.1, SessionId=D02461422126761820D95C59277CE357], Granted Authorities=[ADMIN]]]
2025-12-06T11:04:02.894+01:00 DEBUG 6936 --- [task-managementV2] [http-nio-8083-exec-10] o.s.web.servlet.DispatcherServlet        : Completed 200 OK
2025-12-06T11:04:02.895+01:00 DEBUG 6936 --- [task-managementV2] [http-nio-8083-exec-10] w.c.HttpSessionSecurityContextRepository : Retrieved SecurityContextImpl [Authentication=UsernamePasswordAuthenticationToken [Principal=com.adacorp.task_managementV2.security.CustomerUserDetails@143b535, Credentials=[PROTECTED], Authenticated=true, Details=WebAuthenticationDetails [RemoteIpAddress=127.0.0.1, SessionId=D02461422126761820D95C59277CE357], Granted Authorities=[ADMIN]]]
2025-12-06T11:04:06.045+01:00 DEBUG 6936 --- [task-managementV2] [http-nio-8083-exec-8] o.s.security.web.FilterChainProxy        : Securing GET /home-add-user
2025-12-06T11:04:06.045+01:00 DEBUG 6936 --- [task-managementV2] [http-nio-8083-exec-8] w.c.HttpSessionSecurityContextRepository : Retrieved SecurityContextImpl [Authentication=UsernamePasswordAuthenticationToken [Principal=com.adacorp.task_managementV2.security.CustomerUserDetails@143b535, Credentials=[PROTECTED], Authenticated=true, Details=WebAuthenticationDetails [RemoteIpAddress=127.0.0.1, SessionId=D02461422126761820D95C59277CE357], Granted Authorities=[ADMIN]]]
2025-12-06T11:04:06.047+01:00 DEBUG 6936 --- [task-managementV2] [http-nio-8083-exec-8] o.s.security.web.FilterChainProxy        : Secured GET /home-add-user
2025-12-06T11:04:06.048+01:00 DEBUG 6936 --- [task-managementV2] [http-nio-8083-exec-8] o.s.web.servlet.DispatcherServlet        : GET "/task-managementV2/home-add-user", parameters={}
2025-12-06T11:04:06.048+01:00 DEBUG 6936 --- [task-managementV2] [http-nio-8083-exec-8] s.w.s.m.m.a.RequestMappingHandlerMapping : Mapped to com.adacorp.task_managementV2.controller.UserController#addUserGet(Model, Principal, HttpServletRequest)
2025-12-06T11:04:06.053+01:00 DEBUG 6936 --- [task-managementV2] [http-nio-8083-exec-8] org.hibernate.SQL                        : 
    select
        r1_0.id,
        r1_0.code,
        r1_0.creation_date,
        r1_0.last_modified_date,
        r1_0.libelle 
    from
        role r1_0
2025-12-06T11:04:06.058+01:00 DEBUG 6936 --- [task-managementV2] [http-nio-8083-exec-8] org.hibernate.SQL                        : 
    select
        r1_0.id,
        r1_0.code,
        r1_0.creation_date,
        r1_0.last_modified_date,
        r1_0.libelle 
    from
        role r1_0
2025-12-06T11:04:06.061+01:00 DEBUG 6936 --- [task-managementV2] [http-nio-8083-exec-8] o.s.w.s.v.ContentNegotiatingViewResolver : Selected 'text/html' given [text/html, application/xhtml+xml, application/xml;q=0.9, */*;q=0.8]
2025-12-06T11:04:06.066+01:00  WARN 6936 --- [task-managementV2] [http-nio-8083-exec-8] actStandardFragmentInsertionTagProcessor : [THYMELEAF][http-nio-8083-exec-8][views/user-add] Deprecated unwrapped fragment expression "fragments/header :: headerFragment" found in template views/user-add, line 5, col 7. Please use the complete syntax of fragment expressions instead ("~{fragments/header :: headerFragment}"). The old, unwrapped syntax for fragment expressions will be removed in future versions of Thymeleaf.
2025-12-06T11:04:06.069+01:00  WARN 6936 --- [task-managementV2] [http-nio-8083-exec-8] actStandardFragmentInsertionTagProcessor : [THYMELEAF][http-nio-8083-exec-8][views/user-add] Deprecated unwrapped fragment expression "fragments/nav_horizontale_content :: nav_horizontale_content_fragment" found in template views/user-add, line 10, col 6. Please use the complete syntax of fragment expressions instead ("~{fragments/nav_horizontale_content :: nav_horizontale_content_fragment}"). The old, unwrapped syntax for fragment expressions will be removed in future versions of Thymeleaf.
2025-12-06T11:04:06.075+01:00  WARN 6936 --- [task-managementV2] [http-nio-8083-exec-8] actStandardFragmentInsertionTagProcessor : [THYMELEAF][http-nio-8083-exec-8][views/user-add] Deprecated unwrapped fragment expression "fragments/nav_verticale_content :: nav_verticale_content_fragment" found in template views/user-add, line 15, col 10. Please use the complete syntax of fragment expressions instead ("~{fragments/nav_verticale_content :: nav_verticale_content_fragment}"). The old, unwrapped syntax for fragment expressions will be removed in future versions of Thymeleaf.
2025-12-06T11:04:06.132+01:00 DEBUG 6936 --- [task-managementV2] [http-nio-8083-exec-4] o.s.security.web.FilterChainProxy        : Securing GET /css/styles.css
2025-12-06T11:04:06.133+01:00 DEBUG 6936 --- [task-managementV2] [http-nio-8083-exec-4] o.s.security.web.FilterChainProxy        : Secured GET /css/styles.css
2025-12-06T11:04:06.133+01:00 DEBUG 6936 --- [task-managementV2] [http-nio-8083-exec-4] o.s.web.servlet.DispatcherServlet        : GET "/task-managementV2/css/styles.css", parameters={}
2025-12-06T11:04:06.134+01:00 DEBUG 6936 --- [task-managementV2] [http-nio-8083-exec-4] o.s.w.s.handler.SimpleUrlHandlerMapping  : Mapped to ResourceHttpRequestHandler [classpath [META-INF/resources/], classpath [resources/], classpath [static/], classpath [public/], ServletContext [/]]
2025-12-06T11:04:06.134+01:00 DEBUG 6936 --- [task-managementV2] [http-nio-8083-exec-2] o.s.security.web.FilterChainProxy        : Securing GET /css/style.min.css
2025-12-06T11:04:06.135+01:00 DEBUG 6936 --- [task-managementV2] [http-nio-8083-exec-2] o.s.security.web.FilterChainProxy        : Secured GET /css/style.min.css
2025-12-06T11:04:06.136+01:00 DEBUG 6936 --- [task-managementV2] [http-nio-8083-exec-2] o.s.web.servlet.DispatcherServlet        : GET "/task-managementV2/css/style.min.css", parameters={}
2025-12-06T11:04:06.137+01:00 DEBUG 6936 --- [task-managementV2] [http-nio-8083-exec-2] o.s.w.s.handler.SimpleUrlHandlerMapping  : Mapped to ResourceHttpRequestHandler [classpath [META-INF/resources/], classpath [resources/], classpath [static/], classpath [public/], ServletContext [/]]
2025-12-06T11:04:06.143+01:00 DEBUG 6936 --- [task-managementV2] [http-nio-8083-exec-2] o.s.web.servlet.DispatcherServlet        : Completed 200 OK
2025-12-06T11:04:06.144+01:00 DEBUG 6936 --- [task-managementV2] [http-nio-8083-exec-2] w.c.HttpSessionSecurityContextRepository : Retrieved SecurityContextImpl [Authentication=UsernamePasswordAuthenticationToken [Principal=com.adacorp.task_managementV2.security.CustomerUserDetails@143b535, Credentials=[PROTECTED], Authenticated=true, Details=WebAuthenticationDetails [RemoteIpAddress=127.0.0.1, SessionId=D02461422126761820D95C59277CE357], Granted Authorities=[ADMIN]]]
2025-12-06T11:04:06.152+01:00 DEBUG 6936 --- [task-managementV2] [http-nio-8083-exec-4] o.s.web.servlet.DispatcherServlet        : Completed 200 OK
2025-12-06T11:04:06.152+01:00 DEBUG 6936 --- [task-managementV2] [http-nio-8083-exec-4] w.c.HttpSessionSecurityContextRepository : Retrieved SecurityContextImpl [Authentication=UsernamePasswordAuthenticationToken [Principal=com.adacorp.task_managementV2.security.CustomerUserDetails@143b535, Credentials=[PROTECTED], Authenticated=true, Details=WebAuthenticationDetails [RemoteIpAddress=127.0.0.1, SessionId=D02461422126761820D95C59277CE357], Granted Authorities=[ADMIN]]]
2025-12-06T11:04:06.190+01:00  WARN 6936 --- [task-managementV2] [http-nio-8083-exec-8] actStandardFragmentInsertionTagProcessor : [THYMELEAF][http-nio-8083-exec-8][views/user-add] Deprecated unwrapped fragment expression "fragments/footer :: footerFragment" found in template views/user-add, line 147, col 14. Please use the complete syntax of fragment expressions instead ("~{fragments/footer :: footerFragment}"). The old, unwrapped syntax for fragment expressions will be removed in future versions of Thymeleaf.
2025-12-06T11:04:06.193+01:00  WARN 6936 --- [task-managementV2] [http-nio-8083-exec-8] actStandardFragmentInsertionTagProcessor : [THYMELEAF][http-nio-8083-exec-8][views/user-add] Deprecated unwrapped fragment expression "fragments/js_code_and_modal_logout :: js_code_and_modal_logout_fragment" found in template views/user-add, line 154, col 6. Please use the complete syntax of fragment expressions instead ("~{fragments/js_code_and_modal_logout :: js_code_and_modal_logout_fragment}"). The old, unwrapped syntax for fragment expressions will be removed in future versions of Thymeleaf.
2025-12-06T11:04:06.195+01:00 DEBUG 6936 --- [task-managementV2] [http-nio-8083-exec-8] o.s.web.servlet.DispatcherServlet        : Completed 200 OK
2025-12-06T11:04:06.203+01:00 DEBUG 6936 --- [task-managementV2] [http-nio-8083-exec-1] o.s.security.web.FilterChainProxy        : Securing GET /js/scripts.js
2025-12-06T11:04:06.203+01:00 DEBUG 6936 --- [task-managementV2] [http-nio-8083-exec-1] o.s.security.web.FilterChainProxy        : Secured GET /js/scripts.js
2025-12-06T11:04:06.204+01:00 DEBUG 6936 --- [task-managementV2] [http-nio-8083-exec-1] o.s.web.servlet.DispatcherServlet        : GET "/task-managementV2/js/scripts.js", parameters={}
2025-12-06T11:04:06.204+01:00 DEBUG 6936 --- [task-managementV2] [http-nio-8083-exec-1] o.s.w.s.handler.SimpleUrlHandlerMapping  : Mapped to ResourceHttpRequestHandler [classpath [META-INF/resources/], classpath [resources/], classpath [static/], classpath [public/], ServletContext [/]]
2025-12-06T11:04:06.208+01:00 DEBUG 6936 --- [task-managementV2] [http-nio-8083-exec-3] o.s.security.web.FilterChainProxy        : Securing GET /assets/demo/chart-area-demo.js
2025-12-06T11:04:06.209+01:00 DEBUG 6936 --- [task-managementV2] [http-nio-8083-exec-3] o.s.security.web.FilterChainProxy        : Secured GET /assets/demo/chart-area-demo.js
2025-12-06T11:04:06.210+01:00 DEBUG 6936 --- [task-managementV2] [http-nio-8083-exec-3] o.s.web.servlet.DispatcherServlet        : GET "/task-managementV2/assets/demo/chart-area-demo.js", parameters={}
2025-12-06T11:04:06.211+01:00 DEBUG 6936 --- [task-managementV2] [http-nio-8083-exec-3] o.s.w.s.handler.SimpleUrlHandlerMapping  : Mapped to ResourceHttpRequestHandler [classpath [META-INF/resources/], classpath [resources/], classpath [static/], classpath [public/], ServletContext [/]]
2025-12-06T11:04:06.217+01:00 DEBUG 6936 --- [task-managementV2] [http-nio-8083-exec-3] o.s.web.servlet.DispatcherServlet        : Completed 200 OK
2025-12-06T11:04:06.218+01:00 DEBUG 6936 --- [task-managementV2] [http-nio-8083-exec-5] o.s.security.web.FilterChainProxy        : Securing GET /assets/demo/chart-bar-demo.js
2025-12-06T11:04:06.218+01:00 DEBUG 6936 --- [task-managementV2] [http-nio-8083-exec-5] o.s.security.web.FilterChainProxy        : Secured GET /assets/demo/chart-bar-demo.js
2025-12-06T11:04:06.219+01:00 DEBUG 6936 --- [task-managementV2] [http-nio-8083-exec-5] o.s.web.servlet.DispatcherServlet        : GET "/task-managementV2/assets/demo/chart-bar-demo.js", parameters={}
2025-12-06T11:04:06.218+01:00 DEBUG 6936 --- [task-managementV2] [http-nio-8083-exec-3] w.c.HttpSessionSecurityContextRepository : Retrieved SecurityContextImpl [Authentication=UsernamePasswordAuthenticationToken [Principal=com.adacorp.task_managementV2.security.CustomerUserDetails@143b535, Credentials=[PROTECTED], Authenticated=true, Details=WebAuthenticationDetails [RemoteIpAddress=127.0.0.1, SessionId=D02461422126761820D95C59277CE357], Granted Authorities=[ADMIN]]]
2025-12-06T11:04:06.219+01:00 DEBUG 6936 --- [task-managementV2] [http-nio-8083-exec-5] o.s.w.s.handler.SimpleUrlHandlerMapping  : Mapped to ResourceHttpRequestHandler [classpath [META-INF/resources/], classpath [resources/], classpath [static/], classpath [public/], ServletContext [/]]
2025-12-06T11:04:06.219+01:00 DEBUG 6936 --- [task-managementV2] [http-nio-8083-exec-7] o.s.security.web.FilterChainProxy        : Securing GET /js/datatables-simple-demo.js
2025-12-06T11:04:06.220+01:00 DEBUG 6936 --- [task-managementV2] [http-nio-8083-exec-7] o.s.security.web.FilterChainProxy        : Secured GET /js/datatables-simple-demo.js
2025-12-06T11:04:06.220+01:00 DEBUG 6936 --- [task-managementV2] [http-nio-8083-exec-7] o.s.web.servlet.DispatcherServlet        : GET "/task-managementV2/js/datatables-simple-demo.js", parameters={}
2025-12-06T11:04:06.221+01:00 DEBUG 6936 --- [task-managementV2] [http-nio-8083-exec-7] o.s.w.s.handler.SimpleUrlHandlerMapping  : Mapped to ResourceHttpRequestHandler [classpath [META-INF/resources/], classpath [resources/], classpath [static/], classpath [public/], ServletContext [/]]
2025-12-06T11:04:06.227+01:00 DEBUG 6936 --- [task-managementV2] [http-nio-8083-exec-7] o.s.web.servlet.DispatcherServlet        : Completed 200 OK
2025-12-06T11:04:06.227+01:00 DEBUG 6936 --- [task-managementV2] [http-nio-8083-exec-7] w.c.HttpSessionSecurityContextRepository : Retrieved SecurityContextImpl [Authentication=UsernamePasswordAuthenticationToken [Principal=com.adacorp.task_managementV2.security.CustomerUserDetails@143b535, Credentials=[PROTECTED], Authenticated=true, Details=WebAuthenticationDetails [RemoteIpAddress=127.0.0.1, SessionId=D02461422126761820D95C59277CE357], Granted Authorities=[ADMIN]]]
2025-12-06T11:04:06.227+01:00 DEBUG 6936 --- [task-managementV2] [http-nio-8083-exec-5] o.s.web.servlet.DispatcherServlet        : Completed 200 OK
2025-12-06T11:04:06.227+01:00 DEBUG 6936 --- [task-managementV2] [http-nio-8083-exec-5] w.c.HttpSessionSecurityContextRepository : Retrieved SecurityContextImpl [Authentication=UsernamePasswordAuthenticationToken [Principal=com.adacorp.task_managementV2.security.CustomerUserDetails@143b535, Credentials=[PROTECTED], Authenticated=true, Details=WebAuthenticationDetails [RemoteIpAddress=127.0.0.1, SessionId=D02461422126761820D95C59277CE357], Granted Authorities=[ADMIN]]]
2025-12-06T11:04:06.229+01:00 DEBUG 6936 --- [task-managementV2] [http-nio-8083-exec-7] o.s.security.web.FilterChainProxy        : Securing GET /js/bootstrap.bundle.min.js
2025-12-06T11:04:06.231+01:00 DEBUG 6936 --- [task-managementV2] [http-nio-8083-exec-7] o.s.security.web.FilterChainProxy        : Secured GET /js/bootstrap.bundle.min.js
2025-12-06T11:04:06.231+01:00 DEBUG 6936 --- [task-managementV2] [http-nio-8083-exec-7] o.s.web.servlet.DispatcherServlet        : GET "/task-managementV2/js/bootstrap.bundle.min.js", parameters={}
2025-12-06T11:04:06.232+01:00 DEBUG 6936 --- [task-managementV2] [http-nio-8083-exec-7] o.s.w.s.handler.SimpleUrlHandlerMapping  : Mapped to ResourceHttpRequestHandler [classpath [META-INF/resources/], classpath [resources/], classpath [static/], classpath [public/], ServletContext [/]]
2025-12-06T11:04:06.236+01:00 DEBUG 6936 --- [task-managementV2] [http-nio-8083-exec-3] o.s.security.web.FilterChainProxy        : Securing GET /js/simple-datatables.min.js
2025-12-06T11:04:06.236+01:00 DEBUG 6936 --- [task-managementV2] [http-nio-8083-exec-3] o.s.security.web.FilterChainProxy        : Secured GET /js/simple-datatables.min.js
2025-12-06T11:04:06.237+01:00 DEBUG 6936 --- [task-managementV2] [http-nio-8083-exec-3] o.s.web.servlet.DispatcherServlet        : GET "/task-managementV2/js/simple-datatables.min.js", parameters={}
2025-12-06T11:04:06.241+01:00 DEBUG 6936 --- [task-managementV2] [http-nio-8083-exec-3] o.s.w.s.handler.SimpleUrlHandlerMapping  : Mapped to ResourceHttpRequestHandler [classpath [META-INF/resources/], classpath [resources/], classpath [static/], classpath [public/], ServletContext [/]]
2025-12-06T11:04:06.218+01:00 DEBUG 6936 --- [task-managementV2] [http-nio-8083-exec-1] o.s.web.servlet.DispatcherServlet        : Completed 200 OK
2025-12-06T11:04:06.241+01:00 DEBUG 6936 --- [task-managementV2] [http-nio-8083-exec-7] o.s.web.servlet.DispatcherServlet        : Completed 200 OK
2025-12-06T11:04:06.241+01:00 DEBUG 6936 --- [task-managementV2] [http-nio-8083-exec-1] w.c.HttpSessionSecurityContextRepository : Retrieved SecurityContextImpl [Authentication=UsernamePasswordAuthenticationToken [Principal=com.adacorp.task_managementV2.security.CustomerUserDetails@143b535, Credentials=[PROTECTED], Authenticated=true, Details=WebAuthenticationDetails [RemoteIpAddress=127.0.0.1, SessionId=D02461422126761820D95C59277CE357], Granted Authorities=[ADMIN]]]
2025-12-06T11:04:06.241+01:00 DEBUG 6936 --- [task-managementV2] [http-nio-8083-exec-7] w.c.HttpSessionSecurityContextRepository : Retrieved SecurityContextImpl [Authentication=UsernamePasswordAuthenticationToken [Principal=com.adacorp.task_managementV2.security.CustomerUserDetails@143b535, Credentials=[PROTECTED], Authenticated=true, Details=WebAuthenticationDetails [RemoteIpAddress=127.0.0.1, SessionId=D02461422126761820D95C59277CE357], Granted Authorities=[ADMIN]]]
2025-12-06T11:04:06.244+01:00 DEBUG 6936 --- [task-managementV2] [http-nio-8083-exec-1] o.s.security.web.FilterChainProxy        : Securing GET /js/Chart.min.js
2025-12-06T11:04:06.269+01:00 DEBUG 6936 --- [task-managementV2] [http-nio-8083-exec-3] o.s.web.servlet.DispatcherServlet        : Completed 200 OK
2025-12-06T11:04:06.269+01:00 DEBUG 6936 --- [task-managementV2] [http-nio-8083-exec-3] w.c.HttpSessionSecurityContextRepository : Retrieved SecurityContextImpl [Authentication=UsernamePasswordAuthenticationToken [Principal=com.adacorp.task_managementV2.security.CustomerUserDetails@143b535, Credentials=[PROTECTED], Authenticated=true, Details=WebAuthenticationDetails [RemoteIpAddress=127.0.0.1, SessionId=D02461422126761820D95C59277CE357], Granted Authorities=[ADMIN]]]
2025-12-06T11:04:06.270+01:00 DEBUG 6936 --- [task-managementV2] [http-nio-8083-exec-1] o.s.security.web.FilterChainProxy        : Secured GET /js/Chart.min.js
2025-12-06T11:04:06.270+01:00 DEBUG 6936 --- [task-managementV2] [http-nio-8083-exec-1] o.s.web.servlet.DispatcherServlet        : GET "/task-managementV2/js/Chart.min.js", parameters={}
2025-12-06T11:04:06.271+01:00 DEBUG 6936 --- [task-managementV2] [http-nio-8083-exec-1] o.s.w.s.handler.SimpleUrlHandlerMapping  : Mapped to ResourceHttpRequestHandler [classpath [META-INF/resources/], classpath [resources/], classpath [static/], classpath [public/], ServletContext [/]]
2025-12-06T11:04:06.292+01:00 DEBUG 6936 --- [task-managementV2] [http-nio-8083-exec-1] o.s.web.servlet.DispatcherServlet        : Completed 200 OK
2025-12-06T11:04:06.293+01:00 DEBUG 6936 --- [task-managementV2] [http-nio-8083-exec-1] w.c.HttpSessionSecurityContextRepository : Retrieved SecurityContextImpl [Authentication=UsernamePasswordAuthenticationToken [Principal=com.adacorp.task_managementV2.security.CustomerUserDetails@143b535, Credentials=[PROTECTED], Authenticated=true, Details=WebAuthenticationDetails [RemoteIpAddress=127.0.0.1, SessionId=D02461422126761820D95C59277CE357], Granted Authorities=[ADMIN]]]
2025-12-06T11:04:11.103+01:00 DEBUG 6936 --- [task-managementV2] [http-nio-8083-exec-9] o.s.security.web.FilterChainProxy        : Securing GET /home-add-habilitation
2025-12-06T11:04:11.103+01:00 DEBUG 6936 --- [task-managementV2] [http-nio-8083-exec-9] w.c.HttpSessionSecurityContextRepository : Retrieved SecurityContextImpl [Authentication=UsernamePasswordAuthenticationToken [Principal=com.adacorp.task_managementV2.security.CustomerUserDetails@143b535, Credentials=[PROTECTED], Authenticated=true, Details=WebAuthenticationDetails [RemoteIpAddress=127.0.0.1, SessionId=D02461422126761820D95C59277CE357], Granted Authorities=[ADMIN]]]
2025-12-06T11:04:11.104+01:00 DEBUG 6936 --- [task-managementV2] [http-nio-8083-exec-9] o.s.security.web.FilterChainProxy        : Secured GET /home-add-habilitation
2025-12-06T11:04:11.104+01:00 DEBUG 6936 --- [task-managementV2] [http-nio-8083-exec-9] o.s.web.servlet.DispatcherServlet        : GET "/task-managementV2/home-add-habilitation", parameters={}
2025-12-06T11:04:11.104+01:00 DEBUG 6936 --- [task-managementV2] [http-nio-8083-exec-9] s.w.s.m.m.a.RequestMappingHandlerMapping : Mapped to com.adacorp.task_managementV2.controller.HabilitationController#addRole(Model, Principal, HttpServletRequest)
2025-12-06T11:04:11.107+01:00 DEBUG 6936 --- [task-managementV2] [http-nio-8083-exec-9] o.s.w.s.v.ContentNegotiatingViewResolver : Selected 'text/html' given [text/html, application/xhtml+xml, application/xml;q=0.9, */*;q=0.8]
2025-12-06T11:04:11.109+01:00  WARN 6936 --- [task-managementV2] [http-nio-8083-exec-9] actStandardFragmentInsertionTagProcessor : [THYMELEAF][http-nio-8083-exec-9][views/habilitation-add] Deprecated unwrapped fragment expression "fragments/header :: headerFragment" found in template views/habilitation-add, line 5, col 7. Please use the complete syntax of fragment expressions instead ("~{fragments/header :: headerFragment}"). The old, unwrapped syntax for fragment expressions will be removed in future versions of Thymeleaf.
2025-12-06T11:04:11.110+01:00  WARN 6936 --- [task-managementV2] [http-nio-8083-exec-9] actStandardFragmentInsertionTagProcessor : [THYMELEAF][http-nio-8083-exec-9][views/habilitation-add] Deprecated unwrapped fragment expression "fragments/nav_horizontale_content :: nav_horizontale_content_fragment" found in template views/habilitation-add, line 10, col 6. Please use the complete syntax of fragment expressions instead ("~{fragments/nav_horizontale_content :: nav_horizontale_content_fragment}"). The old, unwrapped syntax for fragment expressions will be removed in future versions of Thymeleaf.
2025-12-06T11:04:11.116+01:00  WARN 6936 --- [task-managementV2] [http-nio-8083-exec-9] actStandardFragmentInsertionTagProcessor : [THYMELEAF][http-nio-8083-exec-9][views/habilitation-add] Deprecated unwrapped fragment expression "fragments/nav_verticale_content :: nav_verticale_content_fragment" found in template views/habilitation-add, line 15, col 10. Please use the complete syntax of fragment expressions instead ("~{fragments/nav_verticale_content :: nav_verticale_content_fragment}"). The old, unwrapped syntax for fragment expressions will be removed in future versions of Thymeleaf.
2025-12-06T11:04:11.141+01:00  WARN 6936 --- [task-managementV2] [http-nio-8083-exec-9] actStandardFragmentInsertionTagProcessor : [THYMELEAF][http-nio-8083-exec-9][views/habilitation-add] Deprecated unwrapped fragment expression "fragments/footer :: footerFragment" found in template views/habilitation-add, line 72, col 14. Please use the complete syntax of fragment expressions instead ("~{fragments/footer :: footerFragment}"). The old, unwrapped syntax for fragment expressions will be removed in future versions of Thymeleaf.
2025-12-06T11:04:11.144+01:00  WARN 6936 --- [task-managementV2] [http-nio-8083-exec-9] actStandardFragmentInsertionTagProcessor : [THYMELEAF][http-nio-8083-exec-9][views/habilitation-add] Deprecated unwrapped fragment expression "fragments/js_code_and_modal_logout :: js_code_and_modal_logout_fragment" found in template views/habilitation-add, line 79, col 6. Please use the complete syntax of fragment expressions instead ("~{fragments/js_code_and_modal_logout :: js_code_and_modal_logout_fragment}"). The old, unwrapped syntax for fragment expressions will be removed in future versions of Thymeleaf.
2025-12-06T11:04:11.155+01:00 DEBUG 6936 --- [task-managementV2] [http-nio-8083-exec-9] o.s.web.servlet.DispatcherServlet        : Completed 200 OK
2025-12-06T11:04:11.178+01:00 DEBUG 6936 --- [task-managementV2] [http-nio-8083-exec-10] o.s.security.web.FilterChainProxy        : Securing GET /css/styles.css
2025-12-06T11:04:11.178+01:00 DEBUG 6936 --- [task-managementV2] [http-nio-8083-exec-10] o.s.security.web.FilterChainProxy        : Secured GET /css/styles.css
2025-12-06T11:04:11.185+01:00 DEBUG 6936 --- [task-managementV2] [http-nio-8083-exec-10] o.s.web.servlet.DispatcherServlet        : GET "/task-managementV2/css/styles.css", parameters={}
2025-12-06T11:04:11.186+01:00 DEBUG 6936 --- [task-managementV2] [http-nio-8083-exec-10] o.s.w.s.handler.SimpleUrlHandlerMapping  : Mapped to ResourceHttpRequestHandler [classpath [META-INF/resources/], classpath [resources/], classpath [static/], classpath [public/], ServletContext [/]]
2025-12-06T11:04:11.188+01:00 DEBUG 6936 --- [task-managementV2] [http-nio-8083-exec-2] o.s.security.web.FilterChainProxy        : Securing GET /css/style.min.css
2025-12-06T11:04:11.188+01:00 DEBUG 6936 --- [task-managementV2] [http-nio-8083-exec-2] o.s.security.web.FilterChainProxy        : Secured GET /css/style.min.css
2025-12-06T11:04:11.188+01:00 DEBUG 6936 --- [task-managementV2] [http-nio-8083-exec-2] o.s.web.servlet.DispatcherServlet        : GET "/task-managementV2/css/style.min.css", parameters={}
2025-12-06T11:04:11.189+01:00 DEBUG 6936 --- [task-managementV2] [http-nio-8083-exec-2] o.s.w.s.handler.SimpleUrlHandlerMapping  : Mapped to ResourceHttpRequestHandler [classpath [META-INF/resources/], classpath [resources/], classpath [static/], classpath [public/], ServletContext [/]]
2025-12-06T11:04:11.197+01:00 DEBUG 6936 --- [task-managementV2] [http-nio-8083-exec-4] o.s.security.web.FilterChainProxy        : Securing GET /assets/demo/chart-area-demo.js
2025-12-06T11:04:11.199+01:00 DEBUG 6936 --- [task-managementV2] [http-nio-8083-exec-2] o.s.web.servlet.DispatcherServlet        : Completed 200 OK
2025-12-06T11:04:11.200+01:00 DEBUG 6936 --- [task-managementV2] [http-nio-8083-exec-2] w.c.HttpSessionSecurityContextRepository : Retrieved SecurityContextImpl [Authentication=UsernamePasswordAuthenticationToken [Principal=com.adacorp.task_managementV2.security.CustomerUserDetails@143b535, Credentials=[PROTECTED], Authenticated=true, Details=WebAuthenticationDetails [RemoteIpAddress=127.0.0.1, SessionId=D02461422126761820D95C59277CE357], Granted Authorities=[ADMIN]]]
2025-12-06T11:04:11.202+01:00 DEBUG 6936 --- [task-managementV2] [http-nio-8083-exec-2] o.s.security.web.FilterChainProxy        : Securing GET /js/bootstrap.bundle.min.js
2025-12-06T11:04:11.200+01:00 DEBUG 6936 --- [task-managementV2] [http-nio-8083-exec-4] o.s.security.web.FilterChainProxy        : Secured GET /assets/demo/chart-area-demo.js
2025-12-06T11:04:11.202+01:00 DEBUG 6936 --- [task-managementV2] [http-nio-8083-exec-2] o.s.security.web.FilterChainProxy        : Secured GET /js/bootstrap.bundle.min.js
2025-12-06T11:04:11.202+01:00 DEBUG 6936 --- [task-managementV2] [http-nio-8083-exec-2] o.s.web.servlet.DispatcherServlet        : GET "/task-managementV2/js/bootstrap.bundle.min.js", parameters={}
2025-12-06T11:04:11.204+01:00 DEBUG 6936 --- [task-managementV2] [http-nio-8083-exec-10] o.s.web.servlet.DispatcherServlet        : Completed 200 OK
2025-12-06T11:04:11.204+01:00 DEBUG 6936 --- [task-managementV2] [http-nio-8083-exec-10] w.c.HttpSessionSecurityContextRepository : Retrieved SecurityContextImpl [Authentication=UsernamePasswordAuthenticationToken [Principal=com.adacorp.task_managementV2.security.CustomerUserDetails@143b535, Credentials=[PROTECTED], Authenticated=true, Details=WebAuthenticationDetails [RemoteIpAddress=127.0.0.1, SessionId=D02461422126761820D95C59277CE357], Granted Authorities=[ADMIN]]]
2025-12-06T11:04:11.205+01:00 DEBUG 6936 --- [task-managementV2] [http-nio-8083-exec-2] o.s.w.s.handler.SimpleUrlHandlerMapping  : Mapped to ResourceHttpRequestHandler [classpath [META-INF/resources/], classpath [resources/], classpath [static/], classpath [public/], ServletContext [/]]
2025-12-06T11:04:11.205+01:00 DEBUG 6936 --- [task-managementV2] [http-nio-8083-exec-6] o.s.security.web.FilterChainProxy        : Securing GET /assets/demo/chart-bar-demo.js
2025-12-06T11:04:11.205+01:00 DEBUG 6936 --- [task-managementV2] [http-nio-8083-exec-6] o.s.security.web.FilterChainProxy        : Secured GET /assets/demo/chart-bar-demo.js
2025-12-06T11:04:11.205+01:00 DEBUG 6936 --- [task-managementV2] [http-nio-8083-exec-6] o.s.web.servlet.DispatcherServlet        : GET "/task-managementV2/assets/demo/chart-bar-demo.js", parameters={}
2025-12-06T11:04:11.206+01:00 DEBUG 6936 --- [task-managementV2] [http-nio-8083-exec-10] o.s.security.web.FilterChainProxy        : Securing GET /js/Chart.min.js
2025-12-06T11:04:11.206+01:00 DEBUG 6936 --- [task-managementV2] [http-nio-8083-exec-10] o.s.security.web.FilterChainProxy        : Secured GET /js/Chart.min.js
2025-12-06T11:04:11.206+01:00 DEBUG 6936 --- [task-managementV2] [http-nio-8083-exec-10] o.s.web.servlet.DispatcherServlet        : GET "/task-managementV2/js/Chart.min.js", parameters={}
2025-12-06T11:04:11.207+01:00 DEBUG 6936 --- [task-managementV2] [http-nio-8083-exec-10] o.s.w.s.handler.SimpleUrlHandlerMapping  : Mapped to ResourceHttpRequestHandler [classpath [META-INF/resources/], classpath [resources/], classpath [static/], classpath [public/], ServletContext [/]]
2025-12-06T11:04:11.202+01:00 DEBUG 6936 --- [task-managementV2] [http-nio-8083-exec-5] o.s.security.web.FilterChainProxy        : Securing GET /js/scripts.js
2025-12-06T11:04:11.208+01:00 DEBUG 6936 --- [task-managementV2] [http-nio-8083-exec-5] o.s.security.web.FilterChainProxy        : Secured GET /js/scripts.js
2025-12-06T11:04:11.209+01:00 DEBUG 6936 --- [task-managementV2] [http-nio-8083-exec-5] o.s.web.servlet.DispatcherServlet        : GET "/task-managementV2/js/scripts.js", parameters={}
2025-12-06T11:04:11.211+01:00 DEBUG 6936 --- [task-managementV2] [http-nio-8083-exec-5] o.s.w.s.handler.SimpleUrlHandlerMapping  : Mapped to ResourceHttpRequestHandler [classpath [META-INF/resources/], classpath [resources/], classpath [static/], classpath [public/], ServletContext [/]]
2025-12-06T11:04:11.213+01:00 DEBUG 6936 --- [task-managementV2] [http-nio-8083-exec-10] o.s.web.servlet.DispatcherServlet        : Completed 200 OK
2025-12-06T11:04:11.214+01:00 DEBUG 6936 --- [task-managementV2] [http-nio-8083-exec-10] w.c.HttpSessionSecurityContextRepository : Retrieved SecurityContextImpl [Authentication=UsernamePasswordAuthenticationToken [Principal=com.adacorp.task_managementV2.security.CustomerUserDetails@143b535, Credentials=[PROTECTED], Authenticated=true, Details=WebAuthenticationDetails [RemoteIpAddress=127.0.0.1, SessionId=D02461422126761820D95C59277CE357], Granted Authorities=[ADMIN]]]
2025-12-06T11:04:11.217+01:00 DEBUG 6936 --- [task-managementV2] [http-nio-8083-exec-2] o.s.web.servlet.DispatcherServlet        : Completed 200 OK
2025-12-06T11:04:11.217+01:00 DEBUG 6936 --- [task-managementV2] [http-nio-8083-exec-2] w.c.HttpSessionSecurityContextRepository : Retrieved SecurityContextImpl [Authentication=UsernamePasswordAuthenticationToken [Principal=com.adacorp.task_managementV2.security.CustomerUserDetails@143b535, Credentials=[PROTECTED], Authenticated=true, Details=WebAuthenticationDetails [RemoteIpAddress=127.0.0.1, SessionId=D02461422126761820D95C59277CE357], Granted Authorities=[ADMIN]]]
2025-12-06T11:04:11.218+01:00 DEBUG 6936 --- [task-managementV2] [http-nio-8083-exec-10] o.s.security.web.FilterChainProxy        : Securing GET /js/datatables-simple-demo.js
2025-12-06T11:04:11.206+01:00 DEBUG 6936 --- [task-managementV2] [http-nio-8083-exec-6] o.s.w.s.handler.SimpleUrlHandlerMapping  : Mapped to ResourceHttpRequestHandler [classpath [META-INF/resources/], classpath [resources/], classpath [static/], classpath [public/], ServletContext [/]]
2025-12-06T11:04:11.218+01:00 DEBUG 6936 --- [task-managementV2] [http-nio-8083-exec-10] o.s.security.web.FilterChainProxy        : Secured GET /js/datatables-simple-demo.js
2025-12-06T11:04:11.218+01:00 DEBUG 6936 --- [task-managementV2] [http-nio-8083-exec-10] o.s.web.servlet.DispatcherServlet        : GET "/task-managementV2/js/datatables-simple-demo.js", parameters={}
2025-12-06T11:04:11.219+01:00 DEBUG 6936 --- [task-managementV2] [http-nio-8083-exec-10] o.s.w.s.handler.SimpleUrlHandlerMapping  : Mapped to ResourceHttpRequestHandler [classpath [META-INF/resources/], classpath [resources/], classpath [static/], classpath [public/], ServletContext [/]]
2025-12-06T11:04:11.202+01:00 DEBUG 6936 --- [task-managementV2] [http-nio-8083-exec-4] o.s.web.servlet.DispatcherServlet        : GET "/task-managementV2/assets/demo/chart-area-demo.js", parameters={}
2025-12-06T11:04:11.220+01:00 DEBUG 6936 --- [task-managementV2] [http-nio-8083-exec-4] o.s.w.s.handler.SimpleUrlHandlerMapping  : Mapped to ResourceHttpRequestHandler [classpath [META-INF/resources/], classpath [resources/], classpath [static/], classpath [public/], ServletContext [/]]
2025-12-06T11:04:11.221+01:00 DEBUG 6936 --- [task-managementV2] [http-nio-8083-exec-6] o.s.web.servlet.DispatcherServlet        : Completed 200 OK
2025-12-06T11:04:11.221+01:00 DEBUG 6936 --- [task-managementV2] [http-nio-8083-exec-6] w.c.HttpSessionSecurityContextRepository : Retrieved SecurityContextImpl [Authentication=UsernamePasswordAuthenticationToken [Principal=com.adacorp.task_managementV2.security.CustomerUserDetails@143b535, Credentials=[PROTECTED], Authenticated=true, Details=WebAuthenticationDetails [RemoteIpAddress=127.0.0.1, SessionId=D02461422126761820D95C59277CE357], Granted Authorities=[ADMIN]]]
2025-12-06T11:04:11.221+01:00 DEBUG 6936 --- [task-managementV2] [http-nio-8083-exec-10] o.s.web.servlet.DispatcherServlet        : Completed 200 OK
2025-12-06T11:04:11.221+01:00 DEBUG 6936 --- [task-managementV2] [http-nio-8083-exec-10] w.c.HttpSessionSecurityContextRepository : Retrieved SecurityContextImpl [Authentication=UsernamePasswordAuthenticationToken [Principal=com.adacorp.task_managementV2.security.CustomerUserDetails@143b535, Credentials=[PROTECTED], Authenticated=true, Details=WebAuthenticationDetails [RemoteIpAddress=127.0.0.1, SessionId=D02461422126761820D95C59277CE357], Granted Authorities=[ADMIN]]]
2025-12-06T11:04:11.224+01:00 DEBUG 6936 --- [task-managementV2] [http-nio-8083-exec-5] o.s.web.servlet.DispatcherServlet        : Completed 200 OK
2025-12-06T11:04:11.224+01:00 DEBUG 6936 --- [task-managementV2] [http-nio-8083-exec-5] w.c.HttpSessionSecurityContextRepository : Retrieved SecurityContextImpl [Authentication=UsernamePasswordAuthenticationToken [Principal=com.adacorp.task_managementV2.security.CustomerUserDetails@143b535, Credentials=[PROTECTED], Authenticated=true, Details=WebAuthenticationDetails [RemoteIpAddress=127.0.0.1, SessionId=D02461422126761820D95C59277CE357], Granted Authorities=[ADMIN]]]
2025-12-06T11:04:11.225+01:00 DEBUG 6936 --- [task-managementV2] [http-nio-8083-exec-4] o.s.web.servlet.DispatcherServlet        : Completed 200 OK
2025-12-06T11:04:11.225+01:00 DEBUG 6936 --- [task-managementV2] [http-nio-8083-exec-4] w.c.HttpSessionSecurityContextRepository : Retrieved SecurityContextImpl [Authentication=UsernamePasswordAuthenticationToken [Principal=com.adacorp.task_managementV2.security.CustomerUserDetails@143b535, Credentials=[PROTECTED], Authenticated=true, Details=WebAuthenticationDetails [RemoteIpAddress=127.0.0.1, SessionId=D02461422126761820D95C59277CE357], Granted Authorities=[ADMIN]]]
2025-12-06T11:04:11.232+01:00 DEBUG 6936 --- [task-managementV2] [http-nio-8083-exec-8] o.s.security.web.FilterChainProxy        : Securing GET /js/simple-datatables.min.js
2025-12-06T11:04:11.233+01:00 DEBUG 6936 --- [task-managementV2] [http-nio-8083-exec-8] o.s.security.web.FilterChainProxy        : Secured GET /js/simple-datatables.min.js
2025-12-06T11:04:11.233+01:00 DEBUG 6936 --- [task-managementV2] [http-nio-8083-exec-8] o.s.web.servlet.DispatcherServlet        : GET "/task-managementV2/js/simple-datatables.min.js", parameters={}
2025-12-06T11:04:11.234+01:00 DEBUG 6936 --- [task-managementV2] [http-nio-8083-exec-8] o.s.w.s.handler.SimpleUrlHandlerMapping  : Mapped to ResourceHttpRequestHandler [classpath [META-INF/resources/], classpath [resources/], classpath [static/], classpath [public/], ServletContext [/]]
2025-12-06T11:04:11.240+01:00 DEBUG 6936 --- [task-managementV2] [http-nio-8083-exec-8] o.s.web.servlet.DispatcherServlet        : Completed 200 OK
2025-12-06T11:04:11.240+01:00 DEBUG 6936 --- [task-managementV2] [http-nio-8083-exec-8] w.c.HttpSessionSecurityContextRepository : Retrieved SecurityContextImpl [Authentication=UsernamePasswordAuthenticationToken [Principal=com.adacorp.task_managementV2.security.CustomerUserDetails@143b535, Credentials=[PROTECTED], Authenticated=true, Details=WebAuthenticationDetails [RemoteIpAddress=127.0.0.1, SessionId=D02461422126761820D95C59277CE357], Granted Authorities=[ADMIN]]]
2025-12-06T11:04:15.299+01:00 DEBUG 6936 --- [task-managementV2] [http-nio-8083-exec-3] o.s.security.web.FilterChainProxy        : Securing GET /home-list-tasks
2025-12-06T11:04:15.299+01:00 DEBUG 6936 --- [task-managementV2] [http-nio-8083-exec-3] w.c.HttpSessionSecurityContextRepository : Retrieved SecurityContextImpl [Authentication=UsernamePasswordAuthenticationToken [Principal=com.adacorp.task_managementV2.security.CustomerUserDetails@143b535, Credentials=[PROTECTED], Authenticated=true, Details=WebAuthenticationDetails [RemoteIpAddress=127.0.0.1, SessionId=D02461422126761820D95C59277CE357], Granted Authorities=[ADMIN]]]
2025-12-06T11:04:15.299+01:00 DEBUG 6936 --- [task-managementV2] [http-nio-8083-exec-3] o.s.security.web.FilterChainProxy        : Secured GET /home-list-tasks
2025-12-06T11:04:15.299+01:00 DEBUG 6936 --- [task-managementV2] [http-nio-8083-exec-3] o.s.web.servlet.DispatcherServlet        : GET "/task-managementV2/home-list-tasks", parameters={}
2025-12-06T11:04:15.300+01:00 DEBUG 6936 --- [task-managementV2] [http-nio-8083-exec-3] s.w.s.m.m.a.RequestMappingHandlerMapping : Mapped to com.adacorp.task_managementV2.controller.TaskController#listTasks(Model, Principal, HttpServletRequest)
2025-12-06T11:04:15.302+01:00 DEBUG 6936 --- [task-managementV2] [http-nio-8083-exec-3] org.hibernate.SQL                        : 
    select
        t1_0.id,
        t1_0.creation_date,
        t1_0.last_modified_date,
        t1_0.description,
        t1_0.name,
        t1_0.state_id 
    from
        task t1_0
2025-12-06T11:04:15.304+01:00 DEBUG 6936 --- [task-managementV2] [http-nio-8083-exec-3] org.hibernate.SQL                        : 
    select
        s1_0.id,
        s1_0.code,
        s1_0.creation_date,
        s1_0.last_modified_date,
        s1_0.description 
    from
        state s1_0 
    where
        s1_0.id=?
2025-12-06T11:04:15.305+01:00 DEBUG 6936 --- [task-managementV2] [http-nio-8083-exec-3] org.hibernate.SQL                        : 
    select
        s1_0.id,
        s1_0.code,
        s1_0.creation_date,
        s1_0.last_modified_date,
        s1_0.description 
    from
        state s1_0 
    where
        s1_0.id=?
2025-12-06T11:04:15.308+01:00 DEBUG 6936 --- [task-managementV2] [http-nio-8083-exec-3] o.s.w.s.v.ContentNegotiatingViewResolver : Selected 'text/html' given [text/html, application/xhtml+xml, application/xml;q=0.9, */*;q=0.8]
2025-12-06T11:04:15.310+01:00  WARN 6936 --- [task-managementV2] [http-nio-8083-exec-3] actStandardFragmentInsertionTagProcessor : [THYMELEAF][http-nio-8083-exec-3][views/task-list] Deprecated unwrapped fragment expression "fragments/header :: headerFragment" found in template views/task-list, line 5, col 7. Please use the complete syntax of fragment expressions instead ("~{fragments/header :: headerFragment}"). The old, unwrapped syntax for fragment expressions will be removed in future versions of Thymeleaf.
2025-12-06T11:04:15.315+01:00  WARN 6936 --- [task-managementV2] [http-nio-8083-exec-3] actStandardFragmentInsertionTagProcessor : [THYMELEAF][http-nio-8083-exec-3][views/task-list] Deprecated unwrapped fragment expression "fragments/nav_horizontale_content :: nav_horizontale_content_fragment" found in template views/task-list, line 10, col 6. Please use the complete syntax of fragment expressions instead ("~{fragments/nav_horizontale_content :: nav_horizontale_content_fragment}"). The old, unwrapped syntax for fragment expressions will be removed in future versions of Thymeleaf.
2025-12-06T11:04:15.320+01:00  WARN 6936 --- [task-managementV2] [http-nio-8083-exec-3] actStandardFragmentInsertionTagProcessor : [THYMELEAF][http-nio-8083-exec-3][views/task-list] Deprecated unwrapped fragment expression "fragments/nav_verticale_content :: nav_verticale_content_fragment" found in template views/task-list, line 15, col 10. Please use the complete syntax of fragment expressions instead ("~{fragments/nav_verticale_content :: nav_verticale_content_fragment}"). The old, unwrapped syntax for fragment expressions will be removed in future versions of Thymeleaf.
2025-12-06T11:04:15.390+01:00 DEBUG 6936 --- [task-managementV2] [http-nio-8083-exec-1] o.s.security.web.FilterChainProxy        : Securing GET /css/style.min.css
2025-12-06T11:04:15.390+01:00 DEBUG 6936 --- [task-managementV2] [http-nio-8083-exec-1] o.s.security.web.FilterChainProxy        : Secured GET /css/style.min.css
2025-12-06T11:04:15.391+01:00 DEBUG 6936 --- [task-managementV2] [http-nio-8083-exec-1] o.s.web.servlet.DispatcherServlet        : GET "/task-managementV2/css/style.min.css", parameters={}
2025-12-06T11:04:15.391+01:00 DEBUG 6936 --- [task-managementV2] [http-nio-8083-exec-1] o.s.w.s.handler.SimpleUrlHandlerMapping  : Mapped to ResourceHttpRequestHandler [classpath [META-INF/resources/], classpath [resources/], classpath [static/], classpath [public/], ServletContext [/]]
2025-12-06T11:04:15.398+01:00 DEBUG 6936 --- [task-managementV2] [http-nio-8083-exec-9] o.s.security.web.FilterChainProxy        : Securing GET /css/styles.css
2025-12-06T11:04:15.398+01:00 DEBUG 6936 --- [task-managementV2] [http-nio-8083-exec-9] o.s.security.web.FilterChainProxy        : Secured GET /css/styles.css
2025-12-06T11:04:15.398+01:00 DEBUG 6936 --- [task-managementV2] [http-nio-8083-exec-9] o.s.web.servlet.DispatcherServlet        : GET "/task-managementV2/css/styles.css", parameters={}
2025-12-06T11:04:15.399+01:00 DEBUG 6936 --- [task-managementV2] [http-nio-8083-exec-9] o.s.w.s.handler.SimpleUrlHandlerMapping  : Mapped to ResourceHttpRequestHandler [classpath [META-INF/resources/], classpath [resources/], classpath [static/], classpath [public/], ServletContext [/]]
2025-12-06T11:04:15.401+01:00 DEBUG 6936 --- [task-managementV2] [http-nio-8083-exec-1] o.s.web.servlet.DispatcherServlet        : Completed 200 OK
2025-12-06T11:04:15.402+01:00 DEBUG 6936 --- [task-managementV2] [http-nio-8083-exec-1] w.c.HttpSessionSecurityContextRepository : Retrieved SecurityContextImpl [Authentication=UsernamePasswordAuthenticationToken [Principal=com.adacorp.task_managementV2.security.CustomerUserDetails@143b535, Credentials=[PROTECTED], Authenticated=true, Details=WebAuthenticationDetails [RemoteIpAddress=127.0.0.1, SessionId=D02461422126761820D95C59277CE357], Granted Authorities=[ADMIN]]]
2025-12-06T11:04:15.419+01:00 DEBUG 6936 --- [task-managementV2] [http-nio-8083-exec-9] o.s.web.servlet.DispatcherServlet        : Completed 200 OK
2025-12-06T11:04:15.419+01:00 DEBUG 6936 --- [task-managementV2] [http-nio-8083-exec-9] w.c.HttpSessionSecurityContextRepository : Retrieved SecurityContextImpl [Authentication=UsernamePasswordAuthenticationToken [Principal=com.adacorp.task_managementV2.security.CustomerUserDetails@143b535, Credentials=[PROTECTED], Authenticated=true, Details=WebAuthenticationDetails [RemoteIpAddress=127.0.0.1, SessionId=D02461422126761820D95C59277CE357], Granted Authorities=[ADMIN]]]
2025-12-06T11:04:15.438+01:00  WARN 6936 --- [task-managementV2] [http-nio-8083-exec-3] actStandardFragmentInsertionTagProcessor : [THYMELEAF][http-nio-8083-exec-3][views/task-list] Deprecated unwrapped fragment expression "fragments/footer :: footerFragment" found in template views/task-list, line 108, col 14. Please use the complete syntax of fragment expressions instead ("~{fragments/footer :: footerFragment}"). The old, unwrapped syntax for fragment expressions will be removed in future versions of Thymeleaf.
2025-12-06T11:04:15.440+01:00  WARN 6936 --- [task-managementV2] [http-nio-8083-exec-3] actStandardFragmentInsertionTagProcessor : [THYMELEAF][http-nio-8083-exec-3][views/task-list] Deprecated unwrapped fragment expression "fragments/js_code_and_modal_logout :: js_code_and_modal_logout_fragment" found in template views/task-list, line 115, col 6. Please use the complete syntax of fragment expressions instead ("~{fragments/js_code_and_modal_logout :: js_code_and_modal_logout_fragment}"). The old, unwrapped syntax for fragment expressions will be removed in future versions of Thymeleaf.
2025-12-06T11:04:15.443+01:00 DEBUG 6936 --- [task-managementV2] [http-nio-8083-exec-3] o.s.web.servlet.DispatcherServlet        : Completed 200 OK
2025-12-06T11:04:15.459+01:00 DEBUG 6936 --- [task-managementV2] [http-nio-8083-exec-2] o.s.security.web.FilterChainProxy        : Securing GET /js/scripts.js
2025-12-06T11:04:15.460+01:00 DEBUG 6936 --- [task-managementV2] [http-nio-8083-exec-2] o.s.security.web.FilterChainProxy        : Secured GET /js/scripts.js
2025-12-06T11:04:15.461+01:00 DEBUG 6936 --- [task-managementV2] [http-nio-8083-exec-2] o.s.web.servlet.DispatcherServlet        : GET "/task-managementV2/js/scripts.js", parameters={}
2025-12-06T11:04:15.468+01:00 DEBUG 6936 --- [task-managementV2] [http-nio-8083-exec-2] o.s.w.s.handler.SimpleUrlHandlerMapping  : Mapped to ResourceHttpRequestHandler [classpath [META-INF/resources/], classpath [resources/], classpath [static/], classpath [public/], ServletContext [/]]
2025-12-06T11:04:15.471+01:00 DEBUG 6936 --- [task-managementV2] [http-nio-8083-exec-7] o.s.security.web.FilterChainProxy        : Securing GET /assets/demo/chart-area-demo.js
2025-12-06T11:04:15.472+01:00 DEBUG 6936 --- [task-managementV2] [http-nio-8083-exec-2] o.s.web.servlet.DispatcherServlet        : Completed 200 OK
2025-12-06T11:04:15.472+01:00 DEBUG 6936 --- [task-managementV2] [http-nio-8083-exec-7] o.s.security.web.FilterChainProxy        : Secured GET /assets/demo/chart-area-demo.js
2025-12-06T11:04:15.472+01:00 DEBUG 6936 --- [task-managementV2] [http-nio-8083-exec-7] o.s.web.servlet.DispatcherServlet        : GET "/task-managementV2/assets/demo/chart-area-demo.js", parameters={}
2025-12-06T11:04:15.474+01:00 DEBUG 6936 --- [task-managementV2] [http-nio-8083-exec-6] o.s.security.web.FilterChainProxy        : Securing GET /assets/demo/chart-bar-demo.js
2025-12-06T11:04:15.475+01:00 DEBUG 6936 --- [task-managementV2] [http-nio-8083-exec-6] o.s.security.web.FilterChainProxy        : Secured GET /assets/demo/chart-bar-demo.js
2025-12-06T11:04:15.475+01:00 DEBUG 6936 --- [task-managementV2] [http-nio-8083-exec-6] o.s.web.servlet.DispatcherServlet        : GET "/task-managementV2/assets/demo/chart-bar-demo.js", parameters={}
2025-12-06T11:04:15.476+01:00 DEBUG 6936 --- [task-managementV2] [http-nio-8083-exec-6] o.s.w.s.handler.SimpleUrlHandlerMapping  : Mapped to ResourceHttpRequestHandler [classpath [META-INF/resources/], classpath [resources/], classpath [static/], classpath [public/], ServletContext [/]]
2025-12-06T11:04:15.477+01:00 DEBUG 6936 --- [task-managementV2] [http-nio-8083-exec-7] o.s.w.s.handler.SimpleUrlHandlerMapping  : Mapped to ResourceHttpRequestHandler [classpath [META-INF/resources/], classpath [resources/], classpath [static/], classpath [public/], ServletContext [/]]
2025-12-06T11:04:15.486+01:00 DEBUG 6936 --- [task-managementV2] [http-nio-8083-exec-6] o.s.web.servlet.DispatcherServlet        : Completed 200 OK
2025-12-06T11:04:15.487+01:00 DEBUG 6936 --- [task-managementV2] [http-nio-8083-exec-6] w.c.HttpSessionSecurityContextRepository : Retrieved SecurityContextImpl [Authentication=UsernamePasswordAuthenticationToken [Principal=com.adacorp.task_managementV2.security.CustomerUserDetails@143b535, Credentials=[PROTECTED], Authenticated=true, Details=WebAuthenticationDetails [RemoteIpAddress=127.0.0.1, SessionId=D02461422126761820D95C59277CE357], Granted Authorities=[ADMIN]]]
2025-12-06T11:04:15.489+01:00 DEBUG 6936 --- [task-managementV2] [http-nio-8083-exec-6] o.s.security.web.FilterChainProxy        : Securing GET /js/datatables-simple-demo.js
2025-12-06T11:04:15.489+01:00 DEBUG 6936 --- [task-managementV2] [http-nio-8083-exec-6] o.s.security.web.FilterChainProxy        : Secured GET /js/datatables-simple-demo.js
2025-12-06T11:04:15.490+01:00 DEBUG 6936 --- [task-managementV2] [http-nio-8083-exec-6] o.s.web.servlet.DispatcherServlet        : GET "/task-managementV2/js/datatables-simple-demo.js", parameters={}
2025-12-06T11:04:15.491+01:00 DEBUG 6936 --- [task-managementV2] [http-nio-8083-exec-7] o.s.web.servlet.DispatcherServlet        : Completed 200 OK
2025-12-06T11:04:15.491+01:00 DEBUG 6936 --- [task-managementV2] [http-nio-8083-exec-7] w.c.HttpSessionSecurityContextRepository : Retrieved SecurityContextImpl [Authentication=UsernamePasswordAuthenticationToken [Principal=com.adacorp.task_managementV2.security.CustomerUserDetails@143b535, Credentials=[PROTECTED], Authenticated=true, Details=WebAuthenticationDetails [RemoteIpAddress=127.0.0.1, SessionId=D02461422126761820D95C59277CE357], Granted Authorities=[ADMIN]]]
2025-12-06T11:04:15.472+01:00 DEBUG 6936 --- [task-managementV2] [http-nio-8083-exec-2] w.c.HttpSessionSecurityContextRepository : Retrieved SecurityContextImpl [Authentication=UsernamePasswordAuthenticationToken [Principal=com.adacorp.task_managementV2.security.CustomerUserDetails@143b535, Credentials=[PROTECTED], Authenticated=true, Details=WebAuthenticationDetails [RemoteIpAddress=127.0.0.1, SessionId=D02461422126761820D95C59277CE357], Granted Authorities=[ADMIN]]]
2025-12-06T11:04:15.493+01:00 DEBUG 6936 --- [task-managementV2] [http-nio-8083-exec-2] o.s.security.web.FilterChainProxy        : Securing GET /js/simple-datatables.min.js
2025-12-06T11:04:15.494+01:00 DEBUG 6936 --- [task-managementV2] [http-nio-8083-exec-2] o.s.security.web.FilterChainProxy        : Secured GET /js/simple-datatables.min.js
2025-12-06T11:04:15.494+01:00 DEBUG 6936 --- [task-managementV2] [http-nio-8083-exec-2] o.s.web.servlet.DispatcherServlet        : GET "/task-managementV2/js/simple-datatables.min.js", parameters={}
2025-12-06T11:04:15.491+01:00 DEBUG 6936 --- [task-managementV2] [http-nio-8083-exec-6] o.s.w.s.handler.SimpleUrlHandlerMapping  : Mapped to ResourceHttpRequestHandler [classpath [META-INF/resources/], classpath [resources/], classpath [static/], classpath [public/], ServletContext [/]]
2025-12-06T11:04:15.496+01:00 DEBUG 6936 --- [task-managementV2] [http-nio-8083-exec-2] o.s.w.s.handler.SimpleUrlHandlerMapping  : Mapped to ResourceHttpRequestHandler [classpath [META-INF/resources/], classpath [resources/], classpath [static/], classpath [public/], ServletContext [/]]
2025-12-06T11:04:15.493+01:00 DEBUG 6936 --- [task-managementV2] [http-nio-8083-exec-7] o.s.security.web.FilterChainProxy        : Securing GET /js/bootstrap.bundle.min.js
2025-12-06T11:04:15.498+01:00 DEBUG 6936 --- [task-managementV2] [http-nio-8083-exec-10] o.s.security.web.FilterChainProxy        : Securing GET /js/Chart.min.js
2025-12-06T11:04:15.498+01:00 DEBUG 6936 --- [task-managementV2] [http-nio-8083-exec-7] o.s.security.web.FilterChainProxy        : Secured GET /js/bootstrap.bundle.min.js
2025-12-06T11:04:15.498+01:00 DEBUG 6936 --- [task-managementV2] [http-nio-8083-exec-10] o.s.security.web.FilterChainProxy        : Secured GET /js/Chart.min.js
2025-12-06T11:04:15.499+01:00 DEBUG 6936 --- [task-managementV2] [http-nio-8083-exec-10] o.s.web.servlet.DispatcherServlet        : GET "/task-managementV2/js/Chart.min.js", parameters={}
2025-12-06T11:04:15.500+01:00 DEBUG 6936 --- [task-managementV2] [http-nio-8083-exec-10] o.s.w.s.handler.SimpleUrlHandlerMapping  : Mapped to ResourceHttpRequestHandler [classpath [META-INF/resources/], classpath [resources/], classpath [static/], classpath [public/], ServletContext [/]]
2025-12-06T11:04:15.499+01:00 DEBUG 6936 --- [task-managementV2] [http-nio-8083-exec-7] o.s.web.servlet.DispatcherServlet        : GET "/task-managementV2/js/bootstrap.bundle.min.js", parameters={}
2025-12-06T11:04:15.502+01:00 DEBUG 6936 --- [task-managementV2] [http-nio-8083-exec-7] o.s.w.s.handler.SimpleUrlHandlerMapping  : Mapped to ResourceHttpRequestHandler [classpath [META-INF/resources/], classpath [resources/], classpath [static/], classpath [public/], ServletContext [/]]
2025-12-06T11:04:15.505+01:00 DEBUG 6936 --- [task-managementV2] [http-nio-8083-exec-2] o.s.web.servlet.DispatcherServlet        : Completed 200 OK
2025-12-06T11:04:15.505+01:00 DEBUG 6936 --- [task-managementV2] [http-nio-8083-exec-2] w.c.HttpSessionSecurityContextRepository : Retrieved SecurityContextImpl [Authentication=UsernamePasswordAuthenticationToken [Principal=com.adacorp.task_managementV2.security.CustomerUserDetails@143b535, Credentials=[PROTECTED], Authenticated=true, Details=WebAuthenticationDetails [RemoteIpAddress=127.0.0.1, SessionId=D02461422126761820D95C59277CE357], Granted Authorities=[ADMIN]]]
2025-12-06T11:04:15.509+01:00 DEBUG 6936 --- [task-managementV2] [http-nio-8083-exec-10] o.s.web.servlet.DispatcherServlet        : Completed 200 OK
2025-12-06T11:04:15.510+01:00 DEBUG 6936 --- [task-managementV2] [http-nio-8083-exec-6] o.s.web.servlet.DispatcherServlet        : Completed 200 OK
2025-12-06T11:04:15.510+01:00 DEBUG 6936 --- [task-managementV2] [http-nio-8083-exec-6] w.c.HttpSessionSecurityContextRepository : Retrieved SecurityContextImpl [Authentication=UsernamePasswordAuthenticationToken [Principal=com.adacorp.task_managementV2.security.CustomerUserDetails@143b535, Credentials=[PROTECTED], Authenticated=true, Details=WebAuthenticationDetails [RemoteIpAddress=127.0.0.1, SessionId=D02461422126761820D95C59277CE357], Granted Authorities=[ADMIN]]]
2025-12-06T11:04:15.510+01:00 DEBUG 6936 --- [task-managementV2] [http-nio-8083-exec-10] w.c.HttpSessionSecurityContextRepository : Retrieved SecurityContextImpl [Authentication=UsernamePasswordAuthenticationToken [Principal=com.adacorp.task_managementV2.security.CustomerUserDetails@143b535, Credentials=[PROTECTED], Authenticated=true, Details=WebAuthenticationDetails [RemoteIpAddress=127.0.0.1, SessionId=D02461422126761820D95C59277CE357], Granted Authorities=[ADMIN]]]
2025-12-06T11:04:15.520+01:00 DEBUG 6936 --- [task-managementV2] [http-nio-8083-exec-7] o.s.web.servlet.DispatcherServlet        : Completed 200 OK
2025-12-06T11:04:15.520+01:00 DEBUG 6936 --- [task-managementV2] [http-nio-8083-exec-7] w.c.HttpSessionSecurityContextRepository : Retrieved SecurityContextImpl [Authentication=UsernamePasswordAuthenticationToken [Principal=com.adacorp.task_managementV2.security.CustomerUserDetails@143b535, Credentials=[PROTECTED], Authenticated=true, Details=WebAuthenticationDetails [RemoteIpAddress=127.0.0.1, SessionId=D02461422126761820D95C59277CE357], Granted Authorities=[ADMIN]]]
2025-12-06T11:04:19.785+01:00 DEBUG 6936 --- [task-managementV2] [http-nio-8083-exec-8] o.s.security.web.FilterChainProxy        : Securing GET /home-edit-task?id=3
2025-12-06T11:04:19.785+01:00 DEBUG 6936 --- [task-managementV2] [http-nio-8083-exec-8] w.c.HttpSessionSecurityContextRepository : Retrieved SecurityContextImpl [Authentication=UsernamePasswordAuthenticationToken [Principal=com.adacorp.task_managementV2.security.CustomerUserDetails@143b535, Credentials=[PROTECTED], Authenticated=true, Details=WebAuthenticationDetails [RemoteIpAddress=127.0.0.1, SessionId=D02461422126761820D95C59277CE357], Granted Authorities=[ADMIN]]]
2025-12-06T11:04:19.786+01:00 DEBUG 6936 --- [task-managementV2] [http-nio-8083-exec-8] o.s.security.web.FilterChainProxy        : Secured GET /home-edit-task?id=3
2025-12-06T11:04:19.786+01:00 DEBUG 6936 --- [task-managementV2] [http-nio-8083-exec-8] o.s.web.servlet.DispatcherServlet        : GET "/task-managementV2/home-edit-task?id=3", parameters={masked}
2025-12-06T11:04:19.786+01:00 DEBUG 6936 --- [task-managementV2] [http-nio-8083-exec-8] s.w.s.m.m.a.RequestMappingHandlerMapping : Mapped to com.adacorp.task_managementV2.controller.TaskController#updateTaskGet(Long, Model)
2025-12-06T11:04:19.794+01:00 DEBUG 6936 --- [task-managementV2] [http-nio-8083-exec-8] org.hibernate.SQL                        : 
    select
        t1_0.id,
        t1_0.creation_date,
        t1_0.last_modified_date,
        t1_0.description,
        t1_0.name,
        s1_0.id,
        s1_0.code,
        s1_0.creation_date,
        s1_0.last_modified_date,
        s1_0.description 
    from
        task t1_0 
    left join
        state s1_0 
            on s1_0.id=t1_0.state_id 
    where
        t1_0.id=?
2025-12-06T11:04:19.804+01:00 DEBUG 6936 --- [task-managementV2] [http-nio-8083-exec-8] org.hibernate.SQL                        : 
    select
        s1_0.id,
        s1_0.code,
        s1_0.creation_date,
        s1_0.last_modified_date,
        s1_0.description 
    from
        state s1_0
2025-12-06T11:04:19.808+01:00 DEBUG 6936 --- [task-managementV2] [http-nio-8083-exec-8] o.s.w.s.v.ContentNegotiatingViewResolver : Selected 'text/html' given [text/html, application/xhtml+xml, application/xml;q=0.9, */*;q=0.8]
2025-12-06T11:04:19.810+01:00  WARN 6936 --- [task-managementV2] [http-nio-8083-exec-8] actStandardFragmentInsertionTagProcessor : [THYMELEAF][http-nio-8083-exec-8][views/task-add] Deprecated unwrapped fragment expression "fragments/header :: headerFragment" found in template views/task-add, line 5, col 11. Please use the complete syntax of fragment expressions instead ("~{fragments/header :: headerFragment}"). The old, unwrapped syntax for fragment expressions will be removed in future versions of Thymeleaf.
2025-12-06T11:04:19.815+01:00  WARN 6936 --- [task-managementV2] [http-nio-8083-exec-8] actStandardFragmentInsertionTagProcessor : [THYMELEAF][http-nio-8083-exec-8][views/task-add] Deprecated unwrapped fragment expression "fragments/nav_horizontale_content :: nav_horizontale_content_fragment" found in template views/task-add, line 10, col 10. Please use the complete syntax of fragment expressions instead ("~{fragments/nav_horizontale_content :: nav_horizontale_content_fragment}"). The old, unwrapped syntax for fragment expressions will be removed in future versions of Thymeleaf.
2025-12-06T11:04:19.822+01:00  WARN 6936 --- [task-managementV2] [http-nio-8083-exec-8] actStandardFragmentInsertionTagProcessor : [THYMELEAF][http-nio-8083-exec-8][views/task-add] Deprecated unwrapped fragment expression "fragments/nav_verticale_content :: nav_verticale_content_fragment" found in template views/task-add, line 15, col 18. Please use the complete syntax of fragment expressions instead ("~{fragments/nav_verticale_content :: nav_verticale_content_fragment}"). The old, unwrapped syntax for fragment expressions will be removed in future versions of Thymeleaf.
2025-12-06T11:04:19.893+01:00 DEBUG 6936 --- [task-managementV2] [http-nio-8083-exec-1] o.s.security.web.FilterChainProxy        : Securing GET /css/style.min.css
2025-12-06T11:04:19.893+01:00 DEBUG 6936 --- [task-managementV2] [http-nio-8083-exec-9] o.s.security.web.FilterChainProxy        : Securing GET /css/styles.css
2025-12-06T11:04:19.894+01:00 DEBUG 6936 --- [task-managementV2] [http-nio-8083-exec-9] o.s.security.web.FilterChainProxy        : Secured GET /css/styles.css
2025-12-06T11:04:19.894+01:00 DEBUG 6936 --- [task-managementV2] [http-nio-8083-exec-9] o.s.web.servlet.DispatcherServlet        : GET "/task-managementV2/css/styles.css", parameters={}
2025-12-06T11:04:19.894+01:00 DEBUG 6936 --- [task-managementV2] [http-nio-8083-exec-1] o.s.security.web.FilterChainProxy        : Secured GET /css/style.min.css
2025-12-06T11:04:19.894+01:00 DEBUG 6936 --- [task-managementV2] [http-nio-8083-exec-1] o.s.web.servlet.DispatcherServlet        : GET "/task-managementV2/css/style.min.css", parameters={}
2025-12-06T11:04:19.900+01:00 DEBUG 6936 --- [task-managementV2] [http-nio-8083-exec-1] o.s.w.s.handler.SimpleUrlHandlerMapping  : Mapped to ResourceHttpRequestHandler [classpath [META-INF/resources/], classpath [resources/], classpath [static/], classpath [public/], ServletContext [/]]
2025-12-06T11:04:19.902+01:00 DEBUG 6936 --- [task-managementV2] [http-nio-8083-exec-9] o.s.w.s.handler.SimpleUrlHandlerMapping  : Mapped to ResourceHttpRequestHandler [classpath [META-INF/resources/], classpath [resources/], classpath [static/], classpath [public/], ServletContext [/]]
2025-12-06T11:04:19.907+01:00 DEBUG 6936 --- [task-managementV2] [http-nio-8083-exec-1] o.s.web.servlet.DispatcherServlet        : Completed 200 OK
2025-12-06T11:04:19.907+01:00 DEBUG 6936 --- [task-managementV2] [http-nio-8083-exec-1] w.c.HttpSessionSecurityContextRepository : Retrieved SecurityContextImpl [Authentication=UsernamePasswordAuthenticationToken [Principal=com.adacorp.task_managementV2.security.CustomerUserDetails@143b535, Credentials=[PROTECTED], Authenticated=true, Details=WebAuthenticationDetails [RemoteIpAddress=127.0.0.1, SessionId=D02461422126761820D95C59277CE357], Granted Authorities=[ADMIN]]]
2025-12-06T11:04:19.920+01:00 DEBUG 6936 --- [task-managementV2] [http-nio-8083-exec-9] o.s.web.servlet.DispatcherServlet        : Completed 200 OK
2025-12-06T11:04:19.921+01:00 DEBUG 6936 --- [task-managementV2] [http-nio-8083-exec-9] w.c.HttpSessionSecurityContextRepository : Retrieved SecurityContextImpl [Authentication=UsernamePasswordAuthenticationToken [Principal=com.adacorp.task_managementV2.security.CustomerUserDetails@143b535, Credentials=[PROTECTED], Authenticated=true, Details=WebAuthenticationDetails [RemoteIpAddress=127.0.0.1, SessionId=D02461422126761820D95C59277CE357], Granted Authorities=[ADMIN]]]
2025-12-06T11:04:19.956+01:00  WARN 6936 --- [task-managementV2] [http-nio-8083-exec-8] actStandardFragmentInsertionTagProcessor : [THYMELEAF][http-nio-8083-exec-8][views/task-add] Deprecated unwrapped fragment expression "fragments/footer :: footerFragment" found in template views/task-add, line 83, col 22. Please use the complete syntax of fragment expressions instead ("~{fragments/footer :: footerFragment}"). The old, unwrapped syntax for fragment expressions will be removed in future versions of Thymeleaf.
2025-12-06T11:04:19.957+01:00  WARN 6936 --- [task-managementV2] [http-nio-8083-exec-8] actStandardFragmentInsertionTagProcessor : [THYMELEAF][http-nio-8083-exec-8][views/task-add] Deprecated unwrapped fragment expression "fragments/js_code_and_modal_logout :: js_code_and_modal_logout_fragment" found in template views/task-add, line 90, col 14. Please use the complete syntax of fragment expressions instead ("~{fragments/js_code_and_modal_logout :: js_code_and_modal_logout_fragment}"). The old, unwrapped syntax for fragment expressions will be removed in future versions of Thymeleaf.
2025-12-06T11:04:19.960+01:00 DEBUG 6936 --- [task-managementV2] [http-nio-8083-exec-8] o.s.web.servlet.DispatcherServlet        : Completed 200 OK
2025-12-06T11:04:19.969+01:00 DEBUG 6936 --- [task-managementV2] [http-nio-8083-exec-3] o.s.security.web.FilterChainProxy        : Securing GET /js/scripts.js
2025-12-06T11:04:19.969+01:00 DEBUG 6936 --- [task-managementV2] [http-nio-8083-exec-3] o.s.security.web.FilterChainProxy        : Secured GET /js/scripts.js
2025-12-06T11:04:19.969+01:00 DEBUG 6936 --- [task-managementV2] [http-nio-8083-exec-3] o.s.web.servlet.DispatcherServlet        : GET "/task-managementV2/js/scripts.js", parameters={}
2025-12-06T11:04:19.970+01:00 DEBUG 6936 --- [task-managementV2] [http-nio-8083-exec-3] o.s.w.s.handler.SimpleUrlHandlerMapping  : Mapped to ResourceHttpRequestHandler [classpath [META-INF/resources/], classpath [resources/], classpath [static/], classpath [public/], ServletContext [/]]
2025-12-06T11:04:19.976+01:00 DEBUG 6936 --- [task-managementV2] [http-nio-8083-exec-3] o.s.web.servlet.DispatcherServlet        : Completed 200 OK
2025-12-06T11:04:19.976+01:00 DEBUG 6936 --- [task-managementV2] [http-nio-8083-exec-3] w.c.HttpSessionSecurityContextRepository : Retrieved SecurityContextImpl [Authentication=UsernamePasswordAuthenticationToken [Principal=com.adacorp.task_managementV2.security.CustomerUserDetails@143b535, Credentials=[PROTECTED], Authenticated=true, Details=WebAuthenticationDetails [RemoteIpAddress=127.0.0.1, SessionId=D02461422126761820D95C59277CE357], Granted Authorities=[ADMIN]]]
2025-12-06T11:04:19.986+01:00 DEBUG 6936 --- [task-managementV2] [http-nio-8083-exec-5] o.s.security.web.FilterChainProxy        : Securing GET /assets/demo/chart-area-demo.js
2025-12-06T11:04:19.986+01:00 DEBUG 6936 --- [task-managementV2] [http-nio-8083-exec-5] o.s.security.web.FilterChainProxy        : Secured GET /assets/demo/chart-area-demo.js
2025-12-06T11:04:19.986+01:00 DEBUG 6936 --- [task-managementV2] [http-nio-8083-exec-5] o.s.web.servlet.DispatcherServlet        : GET "/task-managementV2/assets/demo/chart-area-demo.js", parameters={}
2025-12-06T11:04:19.987+01:00 DEBUG 6936 --- [task-managementV2] [http-nio-8083-exec-5] o.s.w.s.handler.SimpleUrlHandlerMapping  : Mapped to ResourceHttpRequestHandler [classpath [META-INF/resources/], classpath [resources/], classpath [static/], classpath [public/], ServletContext [/]]
2025-12-06T11:04:19.987+01:00 DEBUG 6936 --- [task-managementV2] [http-nio-8083-exec-4] o.s.security.web.FilterChainProxy        : Securing GET /assets/demo/chart-bar-demo.js
2025-12-06T11:04:19.989+01:00 DEBUG 6936 --- [task-managementV2] [http-nio-8083-exec-4] o.s.security.web.FilterChainProxy        : Secured GET /assets/demo/chart-bar-demo.js
2025-12-06T11:04:19.989+01:00 DEBUG 6936 --- [task-managementV2] [http-nio-8083-exec-4] o.s.web.servlet.DispatcherServlet        : GET "/task-managementV2/assets/demo/chart-bar-demo.js", parameters={}
2025-12-06T11:04:19.990+01:00 DEBUG 6936 --- [task-managementV2] [http-nio-8083-exec-4] o.s.w.s.handler.SimpleUrlHandlerMapping  : Mapped to ResourceHttpRequestHandler [classpath [META-INF/resources/], classpath [resources/], classpath [static/], classpath [public/], ServletContext [/]]
2025-12-06T11:04:19.992+01:00 DEBUG 6936 --- [task-managementV2] [http-nio-8083-exec-3] o.s.security.web.FilterChainProxy        : Securing GET /js/simple-datatables.min.js
2025-12-06T11:04:19.992+01:00 DEBUG 6936 --- [task-managementV2] [http-nio-8083-exec-5] o.s.web.servlet.DispatcherServlet        : Completed 200 OK
2025-12-06T11:04:19.993+01:00 DEBUG 6936 --- [task-managementV2] [http-nio-8083-exec-5] w.c.HttpSessionSecurityContextRepository : Retrieved SecurityContextImpl [Authentication=UsernamePasswordAuthenticationToken [Principal=com.adacorp.task_managementV2.security.CustomerUserDetails@143b535, Credentials=[PROTECTED], Authenticated=true, Details=WebAuthenticationDetails [RemoteIpAddress=127.0.0.1, SessionId=D02461422126761820D95C59277CE357], Granted Authorities=[ADMIN]]]
2025-12-06T11:04:19.997+01:00 DEBUG 6936 --- [task-managementV2] [http-nio-8083-exec-5] o.s.security.web.FilterChainProxy        : Securing GET /js/datatables-simple-demo.js
2025-12-06T11:04:19.997+01:00 DEBUG 6936 --- [task-managementV2] [http-nio-8083-exec-2] o.s.security.web.FilterChainProxy        : Securing GET /js/bootstrap.bundle.min.js
2025-12-06T11:04:19.998+01:00 DEBUG 6936 --- [task-managementV2] [http-nio-8083-exec-5] o.s.security.web.FilterChainProxy        : Secured GET /js/datatables-simple-demo.js
2025-12-06T11:04:19.998+01:00 DEBUG 6936 --- [task-managementV2] [http-nio-8083-exec-5] o.s.web.servlet.DispatcherServlet        : GET "/task-managementV2/js/datatables-simple-demo.js", parameters={}
2025-12-06T11:04:19.998+01:00 DEBUG 6936 --- [task-managementV2] [http-nio-8083-exec-5] o.s.w.s.handler.SimpleUrlHandlerMapping  : Mapped to ResourceHttpRequestHandler [classpath [META-INF/resources/], classpath [resources/], classpath [static/], classpath [public/], ServletContext [/]]
2025-12-06T11:04:19.993+01:00 DEBUG 6936 --- [task-managementV2] [http-nio-8083-exec-3] o.s.security.web.FilterChainProxy        : Secured GET /js/simple-datatables.min.js
2025-12-06T11:04:20.000+01:00 DEBUG 6936 --- [task-managementV2] [http-nio-8083-exec-3] o.s.web.servlet.DispatcherServlet        : GET "/task-managementV2/js/simple-datatables.min.js", parameters={}
2025-12-06T11:04:20.000+01:00 DEBUG 6936 --- [task-managementV2] [http-nio-8083-exec-3] o.s.w.s.handler.SimpleUrlHandlerMapping  : Mapped to ResourceHttpRequestHandler [classpath [META-INF/resources/], classpath [resources/], classpath [static/], classpath [public/], ServletContext [/]]
2025-12-06T11:04:20.004+01:00 DEBUG 6936 --- [task-managementV2] [http-nio-8083-exec-5] o.s.web.servlet.DispatcherServlet        : Completed 200 OK
2025-12-06T11:04:20.004+01:00 DEBUG 6936 --- [task-managementV2] [http-nio-8083-exec-5] w.c.HttpSessionSecurityContextRepository : Retrieved SecurityContextImpl [Authentication=UsernamePasswordAuthenticationToken [Principal=com.adacorp.task_managementV2.security.CustomerUserDetails@143b535, Credentials=[PROTECTED], Authenticated=true, Details=WebAuthenticationDetails [RemoteIpAddress=127.0.0.1, SessionId=D02461422126761820D95C59277CE357], Granted Authorities=[ADMIN]]]
2025-12-06T11:04:20.008+01:00 DEBUG 6936 --- [task-managementV2] [http-nio-8083-exec-3] o.s.web.servlet.DispatcherServlet        : Completed 200 OK
2025-12-06T11:04:20.008+01:00 DEBUG 6936 --- [task-managementV2] [http-nio-8083-exec-3] w.c.HttpSessionSecurityContextRepository : Retrieved SecurityContextImpl [Authentication=UsernamePasswordAuthenticationToken [Principal=com.adacorp.task_managementV2.security.CustomerUserDetails@143b535, Credentials=[PROTECTED], Authenticated=true, Details=WebAuthenticationDetails [RemoteIpAddress=127.0.0.1, SessionId=D02461422126761820D95C59277CE357], Granted Authorities=[ADMIN]]]
2025-12-06T11:04:19.998+01:00 DEBUG 6936 --- [task-managementV2] [http-nio-8083-exec-2] o.s.security.web.FilterChainProxy        : Secured GET /js/bootstrap.bundle.min.js
2025-12-06T11:04:20.013+01:00 DEBUG 6936 --- [task-managementV2] [http-nio-8083-exec-2] o.s.web.servlet.DispatcherServlet        : GET "/task-managementV2/js/bootstrap.bundle.min.js", parameters={}
2025-12-06T11:04:20.015+01:00 DEBUG 6936 --- [task-managementV2] [http-nio-8083-exec-2] o.s.w.s.handler.SimpleUrlHandlerMapping  : Mapped to ResourceHttpRequestHandler [classpath [META-INF/resources/], classpath [resources/], classpath [static/], classpath [public/], ServletContext [/]]
2025-12-06T11:04:20.008+01:00 DEBUG 6936 --- [task-managementV2] [http-nio-8083-exec-5] o.s.security.web.FilterChainProxy        : Securing GET /js/Chart.min.js
2025-12-06T11:04:20.020+01:00 DEBUG 6936 --- [task-managementV2] [http-nio-8083-exec-5] o.s.security.web.FilterChainProxy        : Secured GET /js/Chart.min.js
2025-12-06T11:04:20.020+01:00 DEBUG 6936 --- [task-managementV2] [http-nio-8083-exec-5] o.s.web.servlet.DispatcherServlet        : GET "/task-managementV2/js/Chart.min.js", parameters={}
2025-12-06T11:04:20.022+01:00 DEBUG 6936 --- [task-managementV2] [http-nio-8083-exec-5] o.s.w.s.handler.SimpleUrlHandlerMapping  : Mapped to ResourceHttpRequestHandler [classpath [META-INF/resources/], classpath [resources/], classpath [static/], classpath [public/], ServletContext [/]]
2025-12-06T11:04:20.024+01:00 DEBUG 6936 --- [task-managementV2] [http-nio-8083-exec-2] o.s.web.servlet.DispatcherServlet        : Completed 200 OK
2025-12-06T11:04:20.024+01:00 DEBUG 6936 --- [task-managementV2] [http-nio-8083-exec-2] w.c.HttpSessionSecurityContextRepository : Retrieved SecurityContextImpl [Authentication=UsernamePasswordAuthenticationToken [Principal=com.adacorp.task_managementV2.security.CustomerUserDetails@143b535, Credentials=[PROTECTED], Authenticated=true, Details=WebAuthenticationDetails [RemoteIpAddress=127.0.0.1, SessionId=D02461422126761820D95C59277CE357], Granted Authorities=[ADMIN]]]
2025-12-06T11:04:20.032+01:00 DEBUG 6936 --- [task-managementV2] [http-nio-8083-exec-5] o.s.web.servlet.DispatcherServlet        : Completed 200 OK
2025-12-06T11:04:20.033+01:00 DEBUG 6936 --- [task-managementV2] [http-nio-8083-exec-5] w.c.HttpSessionSecurityContextRepository : Retrieved SecurityContextImpl [Authentication=UsernamePasswordAuthenticationToken [Principal=com.adacorp.task_managementV2.security.CustomerUserDetails@143b535, Credentials=[PROTECTED], Authenticated=true, Details=WebAuthenticationDetails [RemoteIpAddress=127.0.0.1, SessionId=D02461422126761820D95C59277CE357], Granted Authorities=[ADMIN]]]
2025-12-06T11:04:20.059+01:00 DEBUG 6936 --- [task-managementV2] [http-nio-8083-exec-4] o.s.web.servlet.DispatcherServlet        : Completed 200 OK
2025-12-06T11:04:20.060+01:00 DEBUG 6936 --- [task-managementV2] [http-nio-8083-exec-4] w.c.HttpSessionSecurityContextRepository : Retrieved SecurityContextImpl [Authentication=UsernamePasswordAuthenticationToken [Principal=com.adacorp.task_managementV2.security.CustomerUserDetails@143b535, Credentials=[PROTECTED], Authenticated=true, Details=WebAuthenticationDetails [RemoteIpAddress=127.0.0.1, SessionId=D02461422126761820D95C59277CE357], Granted Authorities=[ADMIN]]]
2025-12-06T11:04:32.205+01:00  INFO 6936 --- [task-managementV2] [scheduling-1] c.a.t.batch.AccountCleanupBatch          : ➡ Batch exécuté toutes les X ms (fixedRate) !
2025-12-06T11:04:32.206+01:00 DEBUG 6936 --- [task-managementV2] [scheduling-1] org.hibernate.SQL                        : 
    update
        utilisateur u1_0 
    set
        is_account_non_locked=false 
    where
        u1_0.is_account_non_locked=true 
        and (
            u1_0.date_derniere_connexion is null 
            or u1_0.date_derniere_connexion<?
        )
2025-12-06T11:04:32.207+01:00  INFO 6936 --- [task-managementV2] [scheduling-1] c.a.t.batch.AccountCleanupBatch          : Batch SQL 2A : terminé : 0 comptes non connecté depuis 90 désactivés.
2025-12-06T11:04:32.209+01:00 DEBUG 6936 --- [task-managementV2] [scheduling-1] org.hibernate.SQL                        : 
    UPDATE
        public.utilisateur 
    SET
        is_account_non_locked = false 
    WHERE
        is_account_non_locked = true 
        AND (
            date_derniere_connexion IS NULL 
            OR (
                CAST(CURRENT_DATE+1 AS DATE) - CAST(date_derniere_connexion AS DATE)
            ) >= ?
        )
2025-12-06T11:04:32.210+01:00  INFO 6936 --- [task-managementV2] [scheduling-1] c.a.t.batch.AccountCleanupBatch          : Batch SQL 2D : terminé.
2025-12-06T11:04:32.211+01:00 DEBUG 6936 --- [task-managementV2] [scheduling-1] org.hibernate.SQL                        : 
    update
        utilisateur u1_0 
    set
        is_account_non_locked=false 
    where
        u1_0.is_account_non_locked=true 
        and (
            u1_0.date_derniere_connexion is null 
            or u1_0.date_derniere_connexion<?
        )
2025-12-06T11:04:32.213+01:00  INFO 6936 --- [task-managementV2] [scheduling-1] c.a.t.batch.AccountCleanupBatch          : Batch SQL 1A : terminé : 0 comptes non connecté depuis 90 désactivés.
2025-12-06T11:04:32.214+01:00 DEBUG 6936 --- [task-managementV2] [scheduling-1] org.hibernate.SQL                        : 
    UPDATE
        public.utilisateur 
    SET
        is_account_non_locked = true 
    WHERE
        is_account_non_locked = false 
        AND (
            date_derniere_connexion IS NOT NULL 
            AND (
                CAST(CURRENT_DATE+1 AS DATE) - CAST(date_derniere_connexion AS DATE)
            ) < ?
        )
2025-12-06T11:04:32.215+01:00  INFO 6936 --- [task-managementV2] [scheduling-1] c.a.t.batch.AccountCleanupBatch          : Batch SQL 2A : terminé.
2025-12-06T11:04:32.215+01:00  INFO 6936 --- [task-managementV2] [scheduling-1] c.a.t.batch.AccountCleanupBatch          : ➡ Batch exécuté !
2025-12-06T11:04:32.215+01:00  INFO 6936 --- [task-managementV2] [scheduling-1] c.a.t.batch.AccountCleanupBatch          : ➡ Batch exécuté toutes les X ms (fixedRate) !
2025-12-06T11:04:32.216+01:00 DEBUG 6936 --- [task-managementV2] [scheduling-1] org.hibernate.SQL                        : 
    update
        utilisateur u1_0 
    set
        is_account_non_locked=false 
    where
        u1_0.is_account_non_locked=true 
        and (
            u1_0.date_derniere_connexion is null 
            or u1_0.date_derniere_connexion<?
        )
2025-12-06T11:04:32.217+01:00  INFO 6936 --- [task-managementV2] [scheduling-1] c.a.t.batch.AccountCleanupBatch          : Batch SQL 2A : terminé : 0 comptes non connecté depuis 90 désactivés.
2025-12-06T11:04:32.218+01:00 DEBUG 6936 --- [task-managementV2] [scheduling-1] org.hibernate.SQL                        : 
    UPDATE
        public.utilisateur 
    SET
        is_account_non_locked = false 
    WHERE
        is_account_non_locked = true 
        AND (
            date_derniere_connexion IS NULL 
            OR (
                CAST(CURRENT_DATE+1 AS DATE) - CAST(date_derniere_connexion AS DATE)
            ) >= ?
        )
2025-12-06T11:04:32.219+01:00  INFO 6936 --- [task-managementV2] [scheduling-1] c.a.t.batch.AccountCleanupBatch          : Batch SQL 2D : terminé.
2025-12-06T11:04:32.220+01:00 DEBUG 6936 --- [task-managementV2] [scheduling-1] org.hibernate.SQL                        : 
    update
        utilisateur u1_0 
    set
        is_account_non_locked=false 
    where
        u1_0.is_account_non_locked=true 
        and (
            u1_0.date_derniere_connexion is null 
            or u1_0.date_derniere_connexion<?
        )
2025-12-06T11:04:32.221+01:00  INFO 6936 --- [task-managementV2] [scheduling-1] c.a.t.batch.AccountCleanupBatch          : Batch SQL 1A : terminé : 0 comptes non connecté depuis 90 désactivés.
2025-12-06T11:04:32.223+01:00 DEBUG 6936 --- [task-managementV2] [scheduling-1] org.hibernate.SQL                        : 
    UPDATE
        public.utilisateur 
    SET
        is_account_non_locked = true 
    WHERE
        is_account_non_locked = false 
        AND (
            date_derniere_connexion IS NOT NULL 
            AND (
                CAST(CURRENT_DATE+1 AS DATE) - CAST(date_derniere_connexion AS DATE)
            ) < ?
        )
2025-12-06T11:04:32.224+01:00  INFO 6936 --- [task-managementV2] [scheduling-1] c.a.t.batch.AccountCleanupBatch          : Batch SQL 2A : terminé.
2025-12-06T11:04:32.224+01:00  INFO 6936 --- [task-managementV2] [scheduling-1] c.a.t.batch.AccountCleanupBatch          : ➡ Batch exécuté !
